Where in the code,English,French (current),OK? (yes / fix),Better wording
Views/Menu/Index.cshtml ui.Search,Search the menu,Rechercher dans le menu,,
Views/Menu/Index.cshtml ui.NoResults,No dishes match,Aucun plat ne correspond,,
Views/Menu/Index.cshtml ui.Items,items,plats,,
Views/Menu/Index.cshtml ui.Item,item,plat,,
Views/Menu/Index.cshtml ui.List,Your list,Votre liste,,
Views/Menu/Index.cshtml ui.Empty,Your list is empty,Votre liste est vide,,
Views/Menu/Index.cshtml ui.EmptyHint,Add dishes with the + button,Ajoutez des plats avec le bouton +,,
Views/Menu/Index.cshtml ui.Total,Estimated total,Total estimé,,
Views/Menu/Index.cshtml ui.Clear,Clear list,Vider la liste,,
Views/Menu/Index.cshtml ui.Save,Add to list,Ajouter,,
Views/Menu/Index.cshtml ui.Saved,On your list,Dans la liste,,
Views/Menu/Index.cshtml ui.Close,Close,Fermer,,
Views/Menu/Index.cshtml ui.Soon,Menu coming soon,Menu bientôt disponible,,
Views/Menu/Index.cshtml ui.SoonHint,The restaurant is adding its dishes.,Le restaurant ajoute ses plats.,,
Views/Menu/Index.cshtml ui.Nutrition,Nutrition,Valeurs nutritionnelles,,
Views/Menu/Index.cshtml ui.Show,Show this to your server,Montrer au serveur,,
Views/Menu/Index.cshtml ui.SoldOut,Sold out,Épuisé,,
BookingText.All.Title,Book a table,Réserver une table,,
BookingText.All.Guests,Guests,Personnes,,
BookingText.All.OneGuest,1 guest,1 personne,,
BookingText.All.ManyGuests,{0} guests,{0} personnes,,
BookingText.All.Date,Date,Date,,
BookingText.All.Today,Today,Aujourd'hui,,
BookingText.All.Tomorrow,Tomorrow,Demain,,
BookingText.All.Time,Time,Heure,,
BookingText.All.NoSlots,No free times on this day. Try another day.,Aucun horaire libre ce jour-là. Essayez un autre jour.,,
BookingText.All.ClosedDay,We don't take bookings on this day.,Nous ne prenons pas de réservations ce jour-là.,,
BookingText.All.Loading,Finding free times…,Recherche des horaires libres…,,
BookingText.All.Details,Your details,Vos coordonnées,,
BookingText.All.Name,Name,Nom,,
BookingText.All.Phone,Phone,Téléphone,,
BookingText.All.PhoneHint,We'll only contact you about this booking.,Nous vous contacterons uniquement pour cette réservation.,,
BookingText.All.Email,Email (optional),E-mail (facultatif),,
BookingText.All.EmailHint,For your confirmation.,Pour votre confirmation.,,
BookingText.All.Note,Requests (optional),Demandes (facultatif),,
BookingText.All.NotePlaceholder,"e.g. high chair, birthday, terrace","ex. chaise haute, anniversaire, terrasse",,
BookingText.All.Book,Book table,Réserver,,
BookingText.All.Booking,Booking…,Réservation…,,
BookingText.All.LargeGroup,"For more than {0} guests, please call us: {1}","Au-delà de {0} personnes, appelez-nous : {1}",,
BookingText.All.SlotTaken,"Sorry, that time was just taken. Please pick another.","Désolé, cet horaire vient d'être pris. Choisissez-en un autre.",,
BookingText.All.NameRequired,Enter your name.,Indiquez votre nom.,,
BookingText.All.PhoneInvalid,"Enter a phone number we can reach you on, e.g. 069 123 4567.","Indiquez un numéro de téléphone, ex. +33 6 12 34 56 78.",,
BookingText.All.EmailInvalid,That email doesn't look right.,Cet e-mail ne semble pas correct.,,
BookingText.All.TooMany,This number already has several upcoming bookings here. Please call us to book more.,Ce numéro a déjà plusieurs réservations à venir ici. Appelez-nous pour en ajouter.,,
BookingText.All.Unavailable,Online booking isn't available right now. Please call us: {0},La réservation en ligne n'est pas disponible. Appelez-nous : {0},,
BookingText.All.Network,Couldn't book. Check your connection and try again.,Échec de la réservation. Vérifiez votre connexion et réessayez.,,
BookingText.All.ConfirmedTitle,You're booked!,C'est réservé !,,
BookingText.All.PendingTitle,Request received,Demande reçue,,
BookingText.All.PendingText,The restaurant will confirm shortly. You'll get a message.,Le restaurant confirmera bientôt. Vous recevrez un message.,,
BookingText.All.CancelledTitle,Booking cancelled,Réservation annulée,,
BookingText.All.CancelledText,Your table is released. Hope to see you another time.,Votre table est libérée. À une prochaine fois !,,
BookingText.All.PastText,This booking has passed.,Cette réservation est passée.,,
BookingText.All.When,When,Quand,,
BookingText.All.AddToCalendar,Add to calendar,Ajouter au calendrier,,
BookingText.All.Cancel,Cancel booking,Annuler la réservation,,
BookingText.All.CancelConfirm,Cancel this booking?,Annuler cette réservation ?,,
BookingText.All.BookAgain,Make another booking,Nouvelle réservation,,
BookingText.All.SeeMenu,See the menu,Voir le menu,,
BookingText.All.StatusPending,Waiting for confirmation,En attente de confirmation,,
BookingText.All.StatusConfirmed,Confirmed,Confirmée,,
BookingText.All.StatusSeated,Seated,À table,,
BookingText.All.StatusCancelled,Cancelled,Annulée,,
BookingText.All.StatusNoShow,Missed,Absents,,
BookingText.All.MsgConfirmed,{0}: your table for {1} on {2} at {3} is confirmed. Details or cancel: {4},{0} : votre table pour {1} le {2} à {3} est confirmée. Détails ou annulation : {4},,
BookingText.All.MsgPending,{0}: we got your request for {1} on {2} at {3} and will confirm soon. {4},{0} : nous avons reçu votre demande pour {1} le {2} à {3} et la confirmerons bientôt. {4},,
BookingText.All.MsgCancelled,{0}: your booking for {1} on {2} at {3} was cancelled. {4},{0} : votre réservation pour {1} le {2} à {3} a été annulée. {4},,
BookingText.All.MsgReminder,"{0}: see you today at {3}, table for {1}. Can't make it? Cancel here: {4}","{0} : à aujourd'hui {3}, table pour {1}. Empêché ? Annulez ici : {4}",,
BookingText.All.EmailSubject,Your table at {0},Votre table chez {0},,
BookingText.PrivacyNotes.Item1,{0} uses your details only for this booking.,{0} utilise vos coordonnées uniquement pour cette réservation.,,
BookingText.PrivacyNotes.Item2,Privacy,Confidentialité,,
DietaryText.AllergenNames.[0],Gluten,Gluten,,
DietaryText.AllergenNames.[1],Crustaceans,Crustacés,,
DietaryText.AllergenNames.[2],Eggs,Œufs,,
DietaryText.AllergenNames.[3],Fish,Poisson,,
DietaryText.AllergenNames.[4],Peanuts,Arachides,,
DietaryText.AllergenNames.[5],Soy,Soja,,
DietaryText.AllergenNames.[6],Milk,Lait,,
DietaryText.AllergenNames.[7],Nuts,Fruits à coque,,
DietaryText.AllergenNames.[8],Celery,Céleri,,
DietaryText.AllergenNames.[9],Mustard,Moutarde,,
DietaryText.AllergenNames.[10],Sesame,Sésame,,
DietaryText.AllergenNames.[11],Sulphites,Sulfites,,
DietaryText.AllergenNames.[12],Lupin,Lupin,,
DietaryText.AllergenNames.[13],Molluscs,Mollusques,,
DietaryText.DietNames.[0],Vegan,Végan,,
DietaryText.DietNames.[1],Vegetarian,Végétarien,,
DietaryText.DietNames.[2],Spicy,Épicé,,
DietaryText.DietNames.[3],Gluten-free,Sans gluten,,
DietaryText.DietNames.[4],Halal,Halal,,
DietaryText.UiText.Filters,Dietary & allergens,Régimes & allergènes,,
DietaryText.UiText.ShowOnly,Show only,Afficher seulement,,
DietaryText.UiText.HideContaining,Hide dishes containing,Masquer les plats contenant,,
DietaryText.UiText.Contains,Contains,Contient,,
DietaryText.UiText.NoneDeclared,None of the 14 major allergens,Aucun des 14 allergènes majeurs,,
DietaryText.UiText.Unknown,Allergen information not provided. Please ask your server.,Informations sur les allergènes non fournies. Demandez au personnel.,,
DietaryText.UiText.UnknownHidden,Dishes without allergen information are hidden while an allergen is selected.,Les plats sans informations sur les allergènes sont masqués tant qu'un allergène est sélectionné.,,
DietaryText.UiText.Clear,Clear,Effacer,,
DietaryText.UiText.ShowDishes,Show {0} dishes,Afficher {0} plats,,
DietaryText.UiText.Allergens,Allergens,Allergènes,,
DietaryText.UiText.TellServer,Always tell your server about allergies.,Signalez toujours vos allergies au personnel.,,
DietaryText.UiText.Without,Without,Sans,,
DietaryText.UiText.ShowOneDish,Show 1 dish,Afficher 1 plat,,
FeedbackRules.All.Prompt,How was your visit?,Comment s'est passée votre visite ?,,
FeedbackRules.All.Star,1 star,1 étoile,,
FeedbackRules.All.StarsN,{0} stars,{0} étoiles,,
FeedbackRules.All.LowTitle,Sorry to hear that. What went wrong?,Désolés. Qu'est-ce qui n'a pas été ?,,
FeedbackRules.All.LowHint,Only the restaurant reads this.,Seul le restaurant le lit.,,
FeedbackRules.All.HighTitle,Great! Anything you'd like to add?,Super ! Quelque chose à ajouter ?,,
FeedbackRules.All.CommentPlaceholder,Your comments (optional),Vos commentaires (facultatif),,
FeedbackRules.All.ContactLabel,How can we reach you? (optional),Comment vous joindre ? (facultatif),,
FeedbackRules.All.ContactHint,"Phone or email, if you'd like the restaurant to get back to you.","Téléphone ou e-mail, si vous souhaitez que le restaurant vous réponde.",,
FeedbackRules.All.Send,Send,Envoyer,,
FeedbackRules.All.Sending,Sending…,Envoi…,,
FeedbackRules.All.ThanksLow,Thank you. The restaurant will read this today.,Merci. Le restaurant le lira aujourd'hui.,,
FeedbackRules.All.ThanksHigh,Thank you!,Merci !,,
FeedbackRules.All.GoogleAsk,Would you share it on Google? It helps a lot.,Voulez-vous le partager sur Google ? Cela aide beaucoup.,,
FeedbackRules.All.GoogleButton,Review on Google,Avis sur Google,,
FeedbackRules.All.Done,Close,Fermer,,
FeedbackRules.All.AlreadySent,Thanks for your feedback today!,Merci pour votre avis aujourd'hui !,,
FeedbackRules.All.Error,Couldn't send. Please try again.,Échec de l'envoi. Réessayez.,,
Highlights.Words.[0],Recommended,Recommandés,,
Highlights.Words.[1],New,Nouveau,,
Highlights.Words.[2],Chef's pick,Choix du chef,,
Highlights.Words.[3],Popular,Populaire,,
Highlights.Words.[4],Seasonal,De saison,,
Highlights.Words.[5],Today's special,Plat du jour,,
OfflineText.Saved,No connection. This is the menu as saved at {0}; prices and dishes may have changed.,Pas de connexion. Voici le menu enregistré à {0} ; les prix et les plats ont pu changer.,,
OpeningHours.Words.OpenUntil,Open until {0},Ouvert jusqu'à {0},,
OpeningHours.Words.Open24,Open 24 hours,Ouvert 24 h/24,,
OpeningHours.Words.OpensAt,Closed · opens {0},Fermé · ouvre à {0},,
OpeningHours.Words.OpensTomorrow,Closed · opens tomorrow {0},Fermé · ouvre demain à {0},,
OpeningHours.Words.OpensOn,Closed · opens {1} {0},Fermé · ouvre {1} à {0},,
OpeningHours.Words.Closed,Closed,Fermé,,
OpeningHours.Words.Title,Opening hours,Horaires,,
OpeningHours.Words.Today,Today,Aujourd'hui,,
OrderText.All.Send,Send to kitchen,Envoyer en cuisine,,
OrderText.All.Sending,Sending…,Envoi…,,
OrderText.All.Hint,"Check your order, then send it to the kitchen.","Vérifiez votre commande, puis envoyez-la en cuisine.",,
OrderText.All.NoteLabel,Note for the kitchen (optional),Note pour la cuisine (facultatif),,
OrderText.All.NotePlaceholder,"e.g. no onions, extra spicy","ex. sans oignons, plus épicé",,
OrderText.All.Sent,Sent to the kitchen,Envoyée en cuisine,,
OrderText.All.OrderNumber,Order #{0},Commande n° {0},,
OrderText.All.YourOrders,Your orders,Vos commandes,,
OrderText.All.Received,Received,Reçue,,
OrderText.All.Preparing,Being prepared,En préparation,,
OrderText.All.Served,Served,Servie,,
OrderText.All.Cancelled,Cancelled,Annulée,,
OrderText.All.Total,Total,Total,,
OrderText.All.AddMore,Add more dishes,Ajouter d'autres plats,,
OrderText.All.Unavailable,Ordering isn't available right now. Please ask your server.,Les commandes ne sont pas disponibles pour le moment. Demandez au serveur.,,
OrderText.All.Closed,"We're closed right now, so orders can't be sent.","Nous sommes fermés, les commandes ne peuvent pas être envoyées.",,
OrderText.All.NotNow,Can't be ordered right now: {0}. Remove them and send again.,Impossible à commander maintenant : {0}. Retirez-les et renvoyez.,,
OrderText.All.Changed,The menu just changed. Reload the page and check your list.,Le menu vient de changer. Rechargez la page et vérifiez votre liste.,,
OrderText.All.TooBig,"That's a big order. Please send it in two parts, or ask your server.",C'est une grosse commande. Envoyez-la en deux fois ou demandez au serveur.,,
OrderText.All.Busy,This table just sent several orders. Wait a minute and try again.,Cette table vient d'envoyer plusieurs commandes. Patientez une minute et réessayez.,,
OrderText.All.Network,Couldn't send. Check your connection and try again.,Échec de l'envoi. Vérifiez votre connexion et réessayez.,,
OrderText.All.OldCode,This QR code can't send orders. Show your list to your server.,Ce code QR ne permet pas de commander. Montrez votre liste au serveur.,,
ProductOptions.GuestWords.Required,Required,Obligatoire,,
ProductOptions.GuestWords.Optional,Optional,Facultatif,,
ProductOptions.GuestWords.UpTo,up to {0},jusqu'à {0},,
ProductOptions.GuestWords.PleaseChoose,Please choose: {0},Veuillez choisir : {0},,
ProductOptions.GuestWords.From,from {0},dès {0},,
ServingTimes.Words.Served,Served {0},Servi {0},,
ServingTimes.Words.From,Available from {0},Disponible à partir de {0},,
ServingTimes.Words.Tomorrow,Available tomorrow from {0},Disponible demain à partir de {0},,
ServingTimes.Words.OnDay,Available {1} from {0},Disponible {1} à partir de {0},,
ServingTimes.Words.NotAvailable,Not available,Indisponible,,
ServingTimes.Words.NothingNow,Nothing is being served right now,Rien n'est servi pour le moment,,
ServingTimes.Words.TomorrowAllDay,Available tomorrow,Disponible demain,,
ServingTimes.Words.OnDayAllDay,Available {1},Disponible {1},,
SiteRules.All.SeeMenu,See the menu,Voir le menu,,
SiteRules.All.Book,Book a table,Réserver une table,,
SiteRules.All.Call,Call,Appeler,,
SiteRules.All.About,About us,À propos,,
SiteRules.All.Highlights,From the menu,Extrait du menu,,
SiteRules.All.FullMenu,See the full menu,Voir tout le menu,,
SiteRules.All.Hours,Opening hours,Horaires,,
SiteRules.All.Today,Today,Aujourd'hui,,
SiteRules.All.ClosedDay,Closed,Fermé,,
SiteRules.All.FindUs,Find us,Nous trouver,,
SiteRules.All.Directions,Get directions,Itinéraire,,
SiteRules.All.ShowMap,Show map,Afficher la carte,,
SiteRules.All.MapNote,The map is loaded from Google Maps.,La carte est chargée depuis Google Maps.,,
SiteRules.All.Follow,Follow us,Suivez-nous,,
TableText.Texts.Item1,Table,Table,,
TableText.Texts.Item2,Scan for the menu,Scannez pour le menu,,
