Where in the code,English,Italian (current),OK? (yes / fix),Better wording
Views/Menu/Index.cshtml ui.Search,Search the menu,Cerca nel menu,,
Views/Menu/Index.cshtml ui.NoResults,No dishes match,Nessun piatto corrisponde,,
Views/Menu/Index.cshtml ui.Items,items,piatti,,
Views/Menu/Index.cshtml ui.Item,item,piatto,,
Views/Menu/Index.cshtml ui.List,Your list,La tua lista,,
Views/Menu/Index.cshtml ui.Empty,Your list is empty,La tua lista è vuota,,
Views/Menu/Index.cshtml ui.EmptyHint,Add dishes with the + button,Aggiungi i piatti con il pulsante +,,
Views/Menu/Index.cshtml ui.Total,Estimated total,Totale stimato,,
Views/Menu/Index.cshtml ui.Clear,Clear list,Svuota lista,,
Views/Menu/Index.cshtml ui.Save,Add to list,Aggiungi,,
Views/Menu/Index.cshtml ui.Saved,On your list,In lista,,
Views/Menu/Index.cshtml ui.Close,Close,Chiudi,,
Views/Menu/Index.cshtml ui.Soon,Menu coming soon,Menu in arrivo,,
Views/Menu/Index.cshtml ui.SoonHint,The restaurant is adding its dishes.,Il ristorante sta aggiungendo i suoi piatti.,,
Views/Menu/Index.cshtml ui.Nutrition,Nutrition,Valori nutrizionali,,
Views/Menu/Index.cshtml ui.Show,Show this to your server,Mostralo al cameriere,,
Views/Menu/Index.cshtml ui.SoldOut,Sold out,Esaurito,,
BookingText.All.Title,Book a table,Prenota un tavolo,,
BookingText.All.Guests,Guests,Persone,,
BookingText.All.OneGuest,1 guest,1 persona,,
BookingText.All.ManyGuests,{0} guests,{0} persone,,
BookingText.All.Date,Date,Data,,
BookingText.All.Today,Today,Oggi,,
BookingText.All.Tomorrow,Tomorrow,Domani,,
BookingText.All.Time,Time,Ora,,
BookingText.All.NoSlots,No free times on this day. Try another day.,Nessun orario libero in questo giorno. Prova un altro giorno.,,
BookingText.All.ClosedDay,We don't take bookings on this day.,In questo giorno non accettiamo prenotazioni.,,
BookingText.All.Loading,Finding free times…,Cerco orari liberi…,,
BookingText.All.Details,Your details,I tuoi dati,,
BookingText.All.Name,Name,Nome,,
BookingText.All.Phone,Phone,Telefono,,
BookingText.All.PhoneHint,We'll only contact you about this booking.,Ti contatteremo solo per questa prenotazione.,,
BookingText.All.Email,Email (optional),Email (facoltativa),,
BookingText.All.EmailHint,For your confirmation.,Per la conferma.,,
BookingText.All.Note,Requests (optional),Richieste (facoltative),,
BookingText.All.NotePlaceholder,"e.g. high chair, birthday, terrace","es. seggiolone, compleanno, terrazza",,
BookingText.All.Book,Book table,Prenota,,
BookingText.All.Booking,Booking…,Prenotazione…,,
BookingText.All.LargeGroup,"For more than {0} guests, please call us: {1}","Per più di {0} persone, chiamaci: {1}",,
BookingText.All.SlotTaken,"Sorry, that time was just taken. Please pick another.","Peccato, quell'orario è appena stato preso. Scegline un altro.",,
BookingText.All.NameRequired,Enter your name.,Inserisci il tuo nome.,,
BookingText.All.PhoneInvalid,"Enter a phone number we can reach you on, e.g. 069 123 4567.","Inserisci un numero di telefono, es. +39 333 123 4567.",,
BookingText.All.EmailInvalid,That email doesn't look right.,Questa email non sembra corretta.,,
BookingText.All.TooMany,This number already has several upcoming bookings here. Please call us to book more.,Questo numero ha già varie prenotazioni future qui. Chiamaci per prenotare ancora.,,
BookingText.All.Unavailable,Online booking isn't available right now. Please call us: {0},La prenotazione online non è disponibile ora. Chiamaci: {0},,
BookingText.All.Network,Couldn't book. Check your connection and try again.,Prenotazione non riuscita. Controlla la connessione e riprova.,,
BookingText.All.ConfirmedTitle,You're booked!,Prenotato!,,
BookingText.All.PendingTitle,Request received,Richiesta ricevuta,,
BookingText.All.PendingText,The restaurant will confirm shortly. You'll get a message.,Il ristorante confermerà a breve. Riceverai un messaggio.,,
BookingText.All.CancelledTitle,Booking cancelled,Prenotazione annullata,,
BookingText.All.CancelledText,Your table is released. Hope to see you another time.,Il tavolo è stato liberato. Speriamo di vederti un'altra volta.,,
BookingText.All.PastText,This booking has passed.,Questa prenotazione è passata.,,
BookingText.All.When,When,Quando,,
BookingText.All.AddToCalendar,Add to calendar,Aggiungi al calendario,,
BookingText.All.Cancel,Cancel booking,Annulla prenotazione,,
BookingText.All.CancelConfirm,Cancel this booking?,Annullare questa prenotazione?,,
BookingText.All.BookAgain,Make another booking,Nuova prenotazione,,
BookingText.All.SeeMenu,See the menu,Vedi il menu,,
BookingText.All.StatusPending,Waiting for confirmation,In attesa di conferma,,
BookingText.All.StatusConfirmed,Confirmed,Confermata,,
BookingText.All.StatusSeated,Seated,Al tavolo,,
BookingText.All.StatusCancelled,Cancelled,Annullata,,
BookingText.All.StatusNoShow,Missed,Non presentati,,
BookingText.All.MsgConfirmed,{0}: your table for {1} on {2} at {3} is confirmed. Details or cancel: {4},{0}: il tuo tavolo per {1} il {2} alle {3} è confermato. Dettagli o annullamento: {4},,
BookingText.All.MsgPending,{0}: we got your request for {1} on {2} at {3} and will confirm soon. {4},"{0}: abbiamo ricevuto la tua richiesta per {1} il {2} alle {3}, la confermeremo a breve. {4}",,
BookingText.All.MsgCancelled,{0}: your booking for {1} on {2} at {3} was cancelled. {4},{0}: la tua prenotazione per {1} il {2} alle {3} è stata annullata. {4},,
BookingText.All.MsgReminder,"{0}: see you today at {3}, table for {1}. Can't make it? Cancel here: {4}","{0}: ti aspettiamo oggi alle {3}, tavolo per {1}. Non riesci a venire? Annulla qui: {4}",,
BookingText.All.EmailSubject,Your table at {0},Il tuo tavolo da {0},,
BookingText.PrivacyNotes.Item1,{0} uses your details only for this booking.,{0} usa i tuoi dati solo per questa prenotazione.,,
BookingText.PrivacyNotes.Item2,Privacy,Privacy,,
DietaryText.AllergenNames.[0],Gluten,Glutine,,
DietaryText.AllergenNames.[1],Crustaceans,Crostacei,,
DietaryText.AllergenNames.[2],Eggs,Uova,,
DietaryText.AllergenNames.[3],Fish,Pesce,,
DietaryText.AllergenNames.[4],Peanuts,Arachidi,,
DietaryText.AllergenNames.[5],Soy,Soia,,
DietaryText.AllergenNames.[6],Milk,Latte,,
DietaryText.AllergenNames.[7],Nuts,Frutta a guscio,,
DietaryText.AllergenNames.[8],Celery,Sedano,,
DietaryText.AllergenNames.[9],Mustard,Senape,,
DietaryText.AllergenNames.[10],Sesame,Sesamo,,
DietaryText.AllergenNames.[11],Sulphites,Solfiti,,
DietaryText.AllergenNames.[12],Lupin,Lupini,,
DietaryText.AllergenNames.[13],Molluscs,Molluschi,,
DietaryText.DietNames.[0],Vegan,Vegano,,
DietaryText.DietNames.[1],Vegetarian,Vegetariano,,
DietaryText.DietNames.[2],Spicy,Piccante,,
DietaryText.DietNames.[3],Gluten-free,Senza glutine,,
DietaryText.DietNames.[4],Halal,Halal,,
DietaryText.UiText.Filters,Dietary & allergens,Dieta e allergeni,,
DietaryText.UiText.ShowOnly,Show only,Mostra solo,,
DietaryText.UiText.HideContaining,Hide dishes containing,Nascondi piatti con,,
DietaryText.UiText.Contains,Contains,Contiene,,
DietaryText.UiText.NoneDeclared,None of the 14 major allergens,Nessuno dei 14 allergeni principali,,
DietaryText.UiText.Unknown,Allergen information not provided. Please ask your server.,Informazioni sugli allergeni non disponibili. Chiedi al personale.,,
DietaryText.UiText.UnknownHidden,Dishes without allergen information are hidden while an allergen is selected.,I piatti senza informazioni sugli allergeni sono nascosti quando selezioni un allergene.,,
DietaryText.UiText.Clear,Clear,Azzera,,
DietaryText.UiText.ShowDishes,Show {0} dishes,Mostra {0} piatti,,
DietaryText.UiText.Allergens,Allergens,Allergeni,,
DietaryText.UiText.TellServer,Always tell your server about allergies.,Segnala sempre le allergie al personale.,,
DietaryText.UiText.Without,Without,Senza,,
DietaryText.UiText.ShowOneDish,Show 1 dish,Mostra 1 piatto,,
FeedbackRules.All.Prompt,How was your visit?,Com'è andata la visita?,,
FeedbackRules.All.Star,1 star,1 stella,,
FeedbackRules.All.StarsN,{0} stars,{0} stelle,,
FeedbackRules.All.LowTitle,Sorry to hear that. What went wrong?,Ci dispiace. Cosa non è andato bene?,,
FeedbackRules.All.LowHint,Only the restaurant reads this.,Lo legge solo il ristorante.,,
FeedbackRules.All.HighTitle,Great! Anything you'd like to add?,Fantastico! Vuoi aggiungere qualcosa?,,
FeedbackRules.All.CommentPlaceholder,Your comments (optional),I tuoi commenti (facoltativi),,
FeedbackRules.All.ContactLabel,How can we reach you? (optional),Come possiamo contattarti? (facoltativo),,
FeedbackRules.All.ContactHint,"Phone or email, if you'd like the restaurant to get back to you.","Telefono o email, se vuoi che il ristorante ti risponda.",,
FeedbackRules.All.Send,Send,Invia,,
FeedbackRules.All.Sending,Sending…,Invio…,,
FeedbackRules.All.ThanksLow,Thank you. The restaurant will read this today.,Grazie. Il ristorante lo leggerà oggi stesso.,,
FeedbackRules.All.ThanksHigh,Thank you!,Grazie!,,
FeedbackRules.All.GoogleAsk,Would you share it on Google? It helps a lot.,Lo condivideresti su Google? Aiuta molto.,,
FeedbackRules.All.GoogleButton,Review on Google,Recensisci su Google,,
FeedbackRules.All.Done,Close,Chiudi,,
FeedbackRules.All.AlreadySent,Thanks for your feedback today!,Grazie per il tuo parere di oggi!,,
FeedbackRules.All.Error,Couldn't send. Please try again.,Invio non riuscito. Riprova.,,
Highlights.Words.[0],Recommended,Consigliati,,
Highlights.Words.[1],New,Novità,,
Highlights.Words.[2],Chef's pick,Scelta dello chef,,
Highlights.Words.[3],Popular,Popolare,,
Highlights.Words.[4],Seasonal,Di stagione,,
Highlights.Words.[5],Today's special,Piatto del giorno,,
OfflineText.Saved,No connection. This is the menu as saved at {0}; prices and dishes may have changed.,Nessuna connessione. Questo è il menu salvato alle {0}; prezzi e piatti potrebbero essere cambiati.,,
OpeningHours.Words.OpenUntil,Open until {0},Aperto fino alle {0},,
OpeningHours.Words.Open24,Open 24 hours,Aperto 24 ore,,
OpeningHours.Words.OpensAt,Closed · opens {0},Chiuso · apre alle {0},,
OpeningHours.Words.OpensTomorrow,Closed · opens tomorrow {0},Chiuso · apre domani alle {0},,
OpeningHours.Words.OpensOn,Closed · opens {1} {0},Chiuso · apre {1} alle {0},,
OpeningHours.Words.Closed,Closed,Chiuso,,
OpeningHours.Words.Title,Opening hours,Orari,,
OpeningHours.Words.Today,Today,Oggi,,
OrderText.All.Send,Send to kitchen,Invia in cucina,,
OrderText.All.Sending,Sending…,Invio…,,
OrderText.All.Hint,"Check your order, then send it to the kitchen.","Controlla l'ordine, poi invialo in cucina.",,
OrderText.All.NoteLabel,Note for the kitchen (optional),Nota per la cucina (facoltativa),,
OrderText.All.NotePlaceholder,"e.g. no onions, extra spicy","es. senza cipolla, più piccante",,
OrderText.All.Sent,Sent to the kitchen,Inviato in cucina,,
OrderText.All.OrderNumber,Order #{0},Ordine n. {0},,
OrderText.All.YourOrders,Your orders,I tuoi ordini,,
OrderText.All.Received,Received,Ricevuto,,
OrderText.All.Preparing,Being prepared,In preparazione,,
OrderText.All.Served,Served,Servito,,
OrderText.All.Cancelled,Cancelled,Annullato,,
OrderText.All.Total,Total,Totale,,
OrderText.All.AddMore,Add more dishes,Aggiungi altri piatti,,
OrderText.All.Unavailable,Ordering isn't available right now. Please ask your server.,Al momento non si accettano ordini. Chiedi al cameriere.,,
OrderText.All.Closed,"We're closed right now, so orders can't be sent.","Ora siamo chiusi, quindi non è possibile inviare ordini.",,
OrderText.All.NotNow,Can't be ordered right now: {0}. Remove them and send again.,Non ordinabili ora: {0}. Rimuovili e invia di nuovo.,,
OrderText.All.Changed,The menu just changed. Reload the page and check your list.,Il menu è appena cambiato. Ricarica la pagina e controlla la lista.,,
OrderText.All.TooBig,"That's a big order. Please send it in two parts, or ask your server.",È un ordine grande. Invialo in due parti o chiedi al cameriere.,,
OrderText.All.Busy,This table just sent several orders. Wait a minute and try again.,Questo tavolo ha appena inviato vari ordini. Attendi un minuto e riprova.,,
OrderText.All.Network,Couldn't send. Check your connection and try again.,Invio non riuscito. Controlla la connessione e riprova.,,
OrderText.All.OldCode,This QR code can't send orders. Show your list to your server.,Questo codice QR non invia ordini. Mostra la lista al cameriere.,,
ProductOptions.GuestWords.Required,Required,Obbligatorio,,
ProductOptions.GuestWords.Optional,Optional,Facoltativo,,
ProductOptions.GuestWords.UpTo,up to {0},fino a {0},,
ProductOptions.GuestWords.PleaseChoose,Please choose: {0},Scegli: {0},,
ProductOptions.GuestWords.From,from {0},da {0},,
ServingTimes.Words.Served,Served {0},Servito {0},,
ServingTimes.Words.From,Available from {0},Disponibile dalle {0},,
ServingTimes.Words.Tomorrow,Available tomorrow from {0},Disponibile domani dalle {0},,
ServingTimes.Words.OnDay,Available {1} from {0},Disponibile {1} dalle {0},,
ServingTimes.Words.NotAvailable,Not available,Non disponibile,,
ServingTimes.Words.NothingNow,Nothing is being served right now,Al momento non si serve nulla,,
ServingTimes.Words.TomorrowAllDay,Available tomorrow,Disponibile domani,,
ServingTimes.Words.OnDayAllDay,Available {1},Disponibile {1},,
SiteRules.All.SeeMenu,See the menu,Vedi il menu,,
SiteRules.All.Book,Book a table,Prenota un tavolo,,
SiteRules.All.Call,Call,Chiama,,
SiteRules.All.About,About us,Chi siamo,,
SiteRules.All.Highlights,From the menu,Dal menu,,
SiteRules.All.FullMenu,See the full menu,Vedi tutto il menu,,
SiteRules.All.Hours,Opening hours,Orari,,
SiteRules.All.Today,Today,Oggi,,
SiteRules.All.ClosedDay,Closed,Chiuso,,
SiteRules.All.FindUs,Find us,Dove siamo,,
SiteRules.All.Directions,Get directions,Indicazioni,,
SiteRules.All.ShowMap,Show map,Mostra la mappa,,
SiteRules.All.MapNote,The map is loaded from Google Maps.,La mappa viene caricata da Google Maps.,,
SiteRules.All.Follow,Follow us,Seguici,,
TableText.Texts.Item1,Table,Tavolo,,
TableText.Texts.Item2,Scan for the menu,Inquadra per il menu,,
