Where in the code,English,Albanian (current),OK? (yes / fix),Better wording
Views/Menu/Index.cshtml ui.Search,Search the menu,Kërko në menu,,
Views/Menu/Index.cshtml ui.NoResults,No dishes match,Asnjë pjatë nuk përputhet,,
Views/Menu/Index.cshtml ui.Items,items,artikuj,,
Views/Menu/Index.cshtml ui.Item,item,artikull,,
Views/Menu/Index.cshtml ui.List,Your list,Lista juaj,,
Views/Menu/Index.cshtml ui.Empty,Your list is empty,Lista juaj është bosh,,
Views/Menu/Index.cshtml ui.EmptyHint,Add dishes with the + button,Shtoni pjata me butonin +,,
Views/Menu/Index.cshtml ui.Total,Estimated total,Totali i përafërt,,
Views/Menu/Index.cshtml ui.Clear,Clear list,Pastro listën,,
Views/Menu/Index.cshtml ui.Save,Add to list,Shto në listë,,
Views/Menu/Index.cshtml ui.Saved,On your list,Në listë,,
Views/Menu/Index.cshtml ui.Close,Close,Mbyll,,
Views/Menu/Index.cshtml ui.Soon,Menu coming soon,Menuja po vjen së shpejti,,
Views/Menu/Index.cshtml ui.SoonHint,The restaurant is adding its dishes.,Restoranti po shton pjatat e tij.,,
Views/Menu/Index.cshtml ui.Nutrition,Nutrition,Vlerat ushqyese,,
Views/Menu/Index.cshtml ui.Show,Show this to your server,Tregojani kamarierit,,
Views/Menu/Index.cshtml ui.SoldOut,Sold out,Ka mbaruar,,
BookingText.All.Title,Book a table,Rezervo një tavolinë,,
BookingText.All.Guests,Guests,Persona,,
BookingText.All.OneGuest,1 guest,1 person,,
BookingText.All.ManyGuests,{0} guests,{0} persona,,
BookingText.All.Date,Date,Data,,
BookingText.All.Today,Today,Sot,,
BookingText.All.Tomorrow,Tomorrow,Nesër,,
BookingText.All.Time,Time,Ora,,
BookingText.All.NoSlots,No free times on this day. Try another day.,Nuk ka orare të lira këtë ditë. Provoni një ditë tjetër.,,
BookingText.All.ClosedDay,We don't take bookings on this day.,Nuk pranojmë rezervime këtë ditë.,,
BookingText.All.Loading,Finding free times…,Po kërkojmë orare të lira…,,
BookingText.All.Details,Your details,Të dhënat tuaja,,
BookingText.All.Name,Name,Emri,,
BookingText.All.Phone,Phone,Telefoni,,
BookingText.All.PhoneHint,We'll only contact you about this booking.,Do t'ju kontaktojmë vetëm për këtë rezervim.,,
BookingText.All.Email,Email (optional),Email (opsional),,
BookingText.All.EmailHint,For your confirmation.,Për konfirmimin tuaj.,,
BookingText.All.Note,Requests (optional),Kërkesa (opsionale),,
BookingText.All.NotePlaceholder,"e.g. high chair, birthday, terrace","p.sh. karrige për fëmijë, ditëlindje, tarracë",,
BookingText.All.Book,Book table,Rezervo,,
BookingText.All.Booking,Booking…,Po rezervohet…,,
BookingText.All.LargeGroup,"For more than {0} guests, please call us: {1}","Për më shumë se {0} persona, ju lutemi na telefononi: {1}",,
BookingText.All.SlotTaken,"Sorry, that time was just taken. Please pick another.","Na vjen keq, ky orar sapo u zu. Zgjidhni një tjetër.",,
BookingText.All.NameRequired,Enter your name.,Shkruani emrin tuaj.,,
BookingText.All.PhoneInvalid,"Enter a phone number we can reach you on, e.g. 069 123 4567.","Shkruani një numër telefoni, p.sh. 069 123 4567.",,
BookingText.All.EmailInvalid,That email doesn't look right.,Ky email nuk duket i saktë.,,
BookingText.All.TooMany,This number already has several upcoming bookings here. Please call us to book more.,Ky numër ka tashmë disa rezervime të ardhshme këtu. Na telefononi për më shumë.,,
BookingText.All.Unavailable,Online booking isn't available right now. Please call us: {0},Rezervimi online nuk është i disponueshëm tani. Na telefononi: {0},,
BookingText.All.Network,Couldn't book. Check your connection and try again.,Rezervimi nuk u krye. Kontrolloni lidhjen dhe provoni përsëri.,,
BookingText.All.ConfirmedTitle,You're booked!,Rezervimi u bë!,,
BookingText.All.PendingTitle,Request received,Kërkesa u mor,,
BookingText.All.PendingText,The restaurant will confirm shortly. You'll get a message.,Restoranti do ta konfirmojë së shpejti. Do të merrni një mesazh.,,
BookingText.All.CancelledTitle,Booking cancelled,Rezervimi u anulua,,
BookingText.All.CancelledText,Your table is released. Hope to see you another time.,Tavolina juaj u lirua. Shpresojmë t'ju shohim një herë tjetër.,,
BookingText.All.PastText,This booking has passed.,Ky rezervim ka kaluar.,,
BookingText.All.When,When,Kur,,
BookingText.All.AddToCalendar,Add to calendar,Shto në kalendar,,
BookingText.All.Cancel,Cancel booking,Anulo rezervimin,,
BookingText.All.CancelConfirm,Cancel this booking?,Ta anulojmë këtë rezervim?,,
BookingText.All.BookAgain,Make another booking,Bëj një rezervim tjetër,,
BookingText.All.SeeMenu,See the menu,Shiko menunë,,
BookingText.All.StatusPending,Waiting for confirmation,Në pritje të konfirmimit,,
BookingText.All.StatusConfirmed,Confirmed,I konfirmuar,,
BookingText.All.StatusSeated,Seated,Të ulur,,
BookingText.All.StatusCancelled,Cancelled,I anuluar,,
BookingText.All.StatusNoShow,Missed,Nuk erdhën,,
BookingText.All.MsgConfirmed,{0}: your table for {1} on {2} at {3} is confirmed. Details or cancel: {4},{0}: tavolina juaj për {1} më {2} në orën {3} është konfirmuar. Detaje ose anulim: {4},,
BookingText.All.MsgPending,{0}: we got your request for {1} on {2} at {3} and will confirm soon. {4},{0}: morëm kërkesën tuaj për {1} më {2} në orën {3} dhe do ta konfirmojmë së shpejti. {4},,
BookingText.All.MsgCancelled,{0}: your booking for {1} on {2} at {3} was cancelled. {4},{0}: rezervimi juaj për {1} më {2} në orën {3} u anulua. {4},,
BookingText.All.MsgReminder,"{0}: see you today at {3}, table for {1}. Can't make it? Cancel here: {4}","{0}: ju presim sot në orën {3}, tavolinë për {1}. Nuk vini dot? Anuloni këtu: {4}",,
BookingText.All.EmailSubject,Your table at {0},Tavolina juaj te {0},,
BookingText.PrivacyNotes.Item1,{0} uses your details only for this booking.,{0} i përdor të dhënat tuaja vetëm për këtë rezervim.,,
BookingText.PrivacyNotes.Item2,Privacy,Privatësia,,
DietaryText.AllergenNames.[0],Gluten,Gluten,,
DietaryText.AllergenNames.[1],Crustaceans,Krustace,,
DietaryText.AllergenNames.[2],Eggs,Vezë,,
DietaryText.AllergenNames.[3],Fish,Peshk,,
DietaryText.AllergenNames.[4],Peanuts,Kikirikë,,
DietaryText.AllergenNames.[5],Soy,Soja,,
DietaryText.AllergenNames.[6],Milk,Qumësht,,
DietaryText.AllergenNames.[7],Nuts,Arra,,
DietaryText.AllergenNames.[8],Celery,Selino,,
DietaryText.AllergenNames.[9],Mustard,Mustardë,,
DietaryText.AllergenNames.[10],Sesame,Susam,,
DietaryText.AllergenNames.[11],Sulphites,Sulfite,,
DietaryText.AllergenNames.[12],Lupin,Lupinë,,
DietaryText.AllergenNames.[13],Molluscs,Molusqe,,
DietaryText.DietNames.[0],Vegan,Vegan,,
DietaryText.DietNames.[1],Vegetarian,Vegjetarian,,
DietaryText.DietNames.[2],Spicy,Pikant,,
DietaryText.DietNames.[3],Gluten-free,Pa gluten,,
DietaryText.DietNames.[4],Halal,Hallall,,
DietaryText.UiText.Filters,Dietary & allergens,Dieta & alergjenë,,
DietaryText.UiText.ShowOnly,Show only,Shfaq vetëm,,
DietaryText.UiText.HideContaining,Hide dishes containing,Fshih pjatat që përmbajnë,,
DietaryText.UiText.Contains,Contains,Përmban,,
DietaryText.UiText.NoneDeclared,None of the 14 major allergens,Asnjë nga 14 alergjenët kryesorë,,
DietaryText.UiText.Unknown,Allergen information not provided. Please ask your server.,Informacioni për alergjenët mungon. Ju lutemi pyesni kamarierin.,,
DietaryText.UiText.UnknownHidden,Dishes without allergen information are hidden while an allergen is selected.,Pjatat pa informacion për alergjenët fshihen kur zgjidhni një alergjen.,,
DietaryText.UiText.Clear,Clear,Pastro,,
DietaryText.UiText.ShowDishes,Show {0} dishes,Shfaq {0} pjata,,
DietaryText.UiText.Allergens,Allergens,Alergjenët,,
DietaryText.UiText.TellServer,Always tell your server about allergies.,Gjithmonë njoftoni kamarierin për alergjitë.,,
DietaryText.UiText.Without,Without,Pa,,
DietaryText.UiText.ShowOneDish,Show 1 dish,Shfaq 1 pjatë,,
FeedbackRules.All.Prompt,How was your visit?,Si ishte vizita juaj?,,
FeedbackRules.All.Star,1 star,1 yll,,
FeedbackRules.All.StarsN,{0} stars,{0} yje,,
FeedbackRules.All.LowTitle,Sorry to hear that. What went wrong?,Na vjen keq. Çfarë nuk shkoi mirë?,,
FeedbackRules.All.LowHint,Only the restaurant reads this.,Këtë e lexon vetëm restoranti.,,
FeedbackRules.All.HighTitle,Great! Anything you'd like to add?,Shkëlqyeshëm! Doni të shtoni diçka?,,
FeedbackRules.All.CommentPlaceholder,Your comments (optional),Komentet tuaja (opsionale),,
FeedbackRules.All.ContactLabel,How can we reach you? (optional),Si mund t'ju kontaktojmë? (opsionale),,
FeedbackRules.All.ContactHint,"Phone or email, if you'd like the restaurant to get back to you.","Telefon ose email, nëse doni që restoranti t'ju kthejë përgjigje.",,
FeedbackRules.All.Send,Send,Dërgo,,
FeedbackRules.All.Sending,Sending…,Po dërgohet…,,
FeedbackRules.All.ThanksLow,Thank you. The restaurant will read this today.,Faleminderit. Restoranti do ta lexojë sot.,,
FeedbackRules.All.ThanksHigh,Thank you!,Faleminderit!,,
FeedbackRules.All.GoogleAsk,Would you share it on Google? It helps a lot.,A do ta ndanit në Google? Ndihmon shumë.,,
FeedbackRules.All.GoogleButton,Review on Google,Vlerëso në Google,,
FeedbackRules.All.Done,Close,Mbyll,,
FeedbackRules.All.AlreadySent,Thanks for your feedback today!,Faleminderit për vlerësimin sot!,,
FeedbackRules.All.Error,Couldn't send. Please try again.,Nuk u dërgua. Provoni përsëri.,,
Highlights.Words.[0],Recommended,Të rekomanduara,,
Highlights.Words.[1],New,E re,,
Highlights.Words.[2],Chef's pick,Zgjedhja e shefit,,
Highlights.Words.[3],Popular,Popullore,,
Highlights.Words.[4],Seasonal,Sezonale,,
Highlights.Words.[5],Today's special,Speciale e ditës,,
OfflineText.Saved,No connection. This is the menu as saved at {0}; prices and dishes may have changed.,Pa lidhje. Kjo është menuja e ruajtur në orën {0}; çmimet dhe pjatat mund të kenë ndryshuar.,,
OpeningHours.Words.OpenUntil,Open until {0},Hapur deri në {0},,
OpeningHours.Words.Open24,Open 24 hours,Hapur 24 orë,,
OpeningHours.Words.OpensAt,Closed · opens {0},Mbyllur · hapet në {0},,
OpeningHours.Words.OpensTomorrow,Closed · opens tomorrow {0},Mbyllur · hapet nesër në {0},,
OpeningHours.Words.OpensOn,Closed · opens {1} {0},Mbyllur · hapet {1} në {0},,
OpeningHours.Words.Closed,Closed,Mbyllur,,
OpeningHours.Words.Title,Opening hours,Orari,,
OpeningHours.Words.Today,Today,Sot,,
OrderText.All.Send,Send to kitchen,Dërgoje në kuzhinë,,
OrderText.All.Sending,Sending…,Po dërgohet…,,
OrderText.All.Hint,"Check your order, then send it to the kitchen.","Kontrolloni porosinë, pastaj dërgojeni në kuzhinë.",,
OrderText.All.NoteLabel,Note for the kitchen (optional),Shënim për kuzhinën (opsional),,
OrderText.All.NotePlaceholder,"e.g. no onions, extra spicy","p.sh. pa qepë, më pikante",,
OrderText.All.Sent,Sent to the kitchen,U dërgua në kuzhinë,,
OrderText.All.OrderNumber,Order #{0},Porosia #{0},,
OrderText.All.YourOrders,Your orders,Porositë tuaja,,
OrderText.All.Received,Received,U mor,,
OrderText.All.Preparing,Being prepared,Po përgatitet,,
OrderText.All.Served,Served,U shërbye,,
OrderText.All.Cancelled,Cancelled,U anulua,,
OrderText.All.Total,Total,Totali,,
OrderText.All.AddMore,Add more dishes,Shto pjata të tjera,,
OrderText.All.Unavailable,Ordering isn't available right now. Please ask your server.,Porositë nuk pranohen tani. Ju lutemi pyesni kamarierin.,,
OrderText.All.Closed,"We're closed right now, so orders can't be sent.","Jemi të mbyllur tani, ndaj porositë nuk mund të dërgohen.",,
OrderText.All.NotNow,Can't be ordered right now: {0}. Remove them and send again.,Nuk mund të porositen tani: {0}. Hiqini dhe dërgojeni përsëri.,,
OrderText.All.Changed,The menu just changed. Reload the page and check your list.,Menuja sapo ndryshoi. Rifreskoni faqen dhe kontrolloni listën.,,
OrderText.All.TooBig,"That's a big order. Please send it in two parts, or ask your server.",Porosi e madhe. Dërgojeni në dy pjesë ose pyesni kamarierin.,,
OrderText.All.Busy,This table just sent several orders. Wait a minute and try again.,Kjo tavolinë sapo dërgoi disa porosi. Prisni një minutë dhe provoni përsëri.,,
OrderText.All.Network,Couldn't send. Check your connection and try again.,Nuk u dërgua. Kontrolloni lidhjen dhe provoni përsëri.,,
OrderText.All.OldCode,This QR code can't send orders. Show your list to your server.,Ky kod QR nuk dërgon porosi. Tregojani listën kamarierit.,,
ProductOptions.GuestWords.Required,Required,E detyrueshme,,
ProductOptions.GuestWords.Optional,Optional,Opsionale,,
ProductOptions.GuestWords.UpTo,up to {0},deri në {0},,
ProductOptions.GuestWords.PleaseChoose,Please choose: {0},Ju lutemi zgjidhni: {0},,
ProductOptions.GuestWords.From,from {0},nga {0},,
ServingTimes.Words.Served,Served {0},Shërbehet {0},,
ServingTimes.Words.From,Available from {0},E disponueshme nga ora {0},,
ServingTimes.Words.Tomorrow,Available tomorrow from {0},E disponueshme nesër nga ora {0},,
ServingTimes.Words.OnDay,Available {1} from {0},"E disponueshme: {1}, nga ora {0}",,
ServingTimes.Words.NotAvailable,Not available,Nuk ofrohet,,
ServingTimes.Words.NothingNow,Nothing is being served right now,Asgjë nuk shërbehet tani,,
ServingTimes.Words.TomorrowAllDay,Available tomorrow,E disponueshme nesër,,
ServingTimes.Words.OnDayAllDay,Available {1},E disponueshme: {1},,
SiteRules.All.SeeMenu,See the menu,Shiko menunë,,
SiteRules.All.Book,Book a table,Rezervo një tavolinë,,
SiteRules.All.Call,Call,Telefono,,
SiteRules.All.About,About us,Rreth nesh,,
SiteRules.All.Highlights,From the menu,Nga menuja,,
SiteRules.All.FullMenu,See the full menu,Shiko gjithë menunë,,
SiteRules.All.Hours,Opening hours,Orari,,
SiteRules.All.Today,Today,Sot,,
SiteRules.All.ClosedDay,Closed,Mbyllur,,
SiteRules.All.FindUs,Find us,Na gjeni,,
SiteRules.All.Directions,Get directions,Udhëzime,,
SiteRules.All.ShowMap,Show map,Shfaq hartën,,
SiteRules.All.MapNote,The map is loaded from Google Maps.,Harta ngarkohet nga Google Maps.,,
SiteRules.All.Follow,Follow us,Na ndiqni,,
TableText.Texts.Item1,Table,Tavolina,,
TableText.Texts.Item2,Scan for the menu,Skanoni për menunë,,
