Where in the code,English,Turkish (current),OK? (yes / fix),Better wording
Views/Menu/Index.cshtml ui.Search,Search the menu,Menüde ara,,
Views/Menu/Index.cshtml ui.NoResults,No dishes match,Eşleşen yemek yok,,
Views/Menu/Index.cshtml ui.Items,items,ürün,,
Views/Menu/Index.cshtml ui.Item,item,ürün,,
Views/Menu/Index.cshtml ui.List,Your list,Listeniz,,
Views/Menu/Index.cshtml ui.Empty,Your list is empty,Listeniz boş,,
Views/Menu/Index.cshtml ui.EmptyHint,Add dishes with the + button,Yemekleri + düğmesiyle ekleyin,,
Views/Menu/Index.cshtml ui.Total,Estimated total,Tahmini toplam,,
Views/Menu/Index.cshtml ui.Clear,Clear list,Listeyi temizle,,
Views/Menu/Index.cshtml ui.Save,Add to list,Listeye ekle,,
Views/Menu/Index.cshtml ui.Saved,On your list,Listede,,
Views/Menu/Index.cshtml ui.Close,Close,Kapat,,
Views/Menu/Index.cshtml ui.Soon,Menu coming soon,Menü çok yakında,,
Views/Menu/Index.cshtml ui.SoonHint,The restaurant is adding its dishes.,Restoran yemeklerini ekliyor.,,
Views/Menu/Index.cshtml ui.Nutrition,Nutrition,Besin değerleri,,
Views/Menu/Index.cshtml ui.Show,Show this to your server,Garsona gösterin,,
Views/Menu/Index.cshtml ui.SoldOut,Sold out,Tükendi,,
BookingText.All.Title,Book a table,Masa ayırt,,
BookingText.All.Guests,Guests,Kişi,,
BookingText.All.OneGuest,1 guest,1 kişi,,
BookingText.All.ManyGuests,{0} guests,{0} kişi,,
BookingText.All.Date,Date,Tarih,,
BookingText.All.Today,Today,Bugün,,
BookingText.All.Tomorrow,Tomorrow,Yarın,,
BookingText.All.Time,Time,Saat,,
BookingText.All.NoSlots,No free times on this day. Try another day.,Bu gün için boş saat yok. Başka bir gün deneyin.,,
BookingText.All.ClosedDay,We don't take bookings on this day.,Bu gün rezervasyon almıyoruz.,,
BookingText.All.Loading,Finding free times…,Boş saatler aranıyor…,,
BookingText.All.Details,Your details,Bilgileriniz,,
BookingText.All.Name,Name,Ad,,
BookingText.All.Phone,Phone,Telefon,,
BookingText.All.PhoneHint,We'll only contact you about this booking.,Sizinle yalnızca bu rezervasyon için iletişime geçeceğiz.,,
BookingText.All.Email,Email (optional),E-posta (isteğe bağlı),,
BookingText.All.EmailHint,For your confirmation.,Onayınız için.,,
BookingText.All.Note,Requests (optional),İstekler (isteğe bağlı),,
BookingText.All.NotePlaceholder,"e.g. high chair, birthday, terrace","örn. mama sandalyesi, doğum günü, teras",,
BookingText.All.Book,Book table,Rezervasyon yap,,
BookingText.All.Booking,Booking…,Rezervasyon yapılıyor…,,
BookingText.All.LargeGroup,"For more than {0} guests, please call us: {1}",{0} kişiden fazlası için lütfen bizi arayın: {1},,
BookingText.All.SlotTaken,"Sorry, that time was just taken. Please pick another.","Üzgünüz, bu saat az önce doldu. Lütfen başka bir saat seçin.",,
BookingText.All.NameRequired,Enter your name.,Adınızı yazın.,,
BookingText.All.PhoneInvalid,"Enter a phone number we can reach you on, e.g. 069 123 4567.","Bir telefon numarası yazın, örn. +90 532 123 4567.",,
BookingText.All.EmailInvalid,That email doesn't look right.,Bu e-posta doğru görünmüyor.,,
BookingText.All.TooMany,This number already has several upcoming bookings here. Please call us to book more.,Bu numaranın burada zaten birkaç yaklaşan rezervasyonu var. Daha fazlası için bizi arayın.,,
BookingText.All.Unavailable,Online booking isn't available right now. Please call us: {0},Çevrim içi rezervasyon şu anda kullanılamıyor. Bizi arayın: {0},,
BookingText.All.Network,Couldn't book. Check your connection and try again.,Rezervasyon yapılamadı. Bağlantınızı kontrol edip tekrar deneyin.,,
BookingText.All.ConfirmedTitle,You're booked!,Rezervasyonunuz tamam!,,
BookingText.All.PendingTitle,Request received,Talep alındı,,
BookingText.All.PendingText,The restaurant will confirm shortly. You'll get a message.,Restoran kısa süre içinde onaylayacak. Size mesaj gelecek.,,
BookingText.All.CancelledTitle,Booking cancelled,Rezervasyon iptal edildi,,
BookingText.All.CancelledText,Your table is released. Hope to see you another time.,Masanız serbest bırakıldı. Başka bir zaman görüşmek üzere.,,
BookingText.All.PastText,This booking has passed.,Bu rezervasyonun tarihi geçti.,,
BookingText.All.When,When,Ne zaman,,
BookingText.All.AddToCalendar,Add to calendar,Takvime ekle,,
BookingText.All.Cancel,Cancel booking,Rezervasyonu iptal et,,
BookingText.All.CancelConfirm,Cancel this booking?,Bu rezervasyon iptal edilsin mi?,,
BookingText.All.BookAgain,Make another booking,Yeni rezervasyon yap,,
BookingText.All.SeeMenu,See the menu,Menüyü gör,,
BookingText.All.StatusPending,Waiting for confirmation,Onay bekleniyor,,
BookingText.All.StatusConfirmed,Confirmed,Onaylandı,,
BookingText.All.StatusSeated,Seated,Masada,,
BookingText.All.StatusCancelled,Cancelled,İptal edildi,,
BookingText.All.StatusNoShow,Missed,Gelmedi,,
BookingText.All.MsgConfirmed,{0}: your table for {1} on {2} at {3} is confirmed. Details or cancel: {4},{0}: {2} {3} için {1} masanız onaylandı. Ayrıntılar veya iptal: {4},,
BookingText.All.MsgPending,{0}: we got your request for {1} on {2} at {3} and will confirm soon. {4},"{0}: {2} {3} için {1} talebinizi aldık, kısa sürede onaylayacağız. {4}",,
BookingText.All.MsgCancelled,{0}: your booking for {1} on {2} at {3} was cancelled. {4},{0}: {2} {3} için {1} rezervasyonunuz iptal edildi. {4},,
BookingText.All.MsgReminder,"{0}: see you today at {3}, table for {1}. Can't make it? Cancel here: {4}","{0}: bugün {3} saatinde görüşmek üzere, {1} masa. Gelemiyor musunuz? Buradan iptal edin: {4}",,
BookingText.All.EmailSubject,Your table at {0},{0} rezervasyonunuz,,
BookingText.PrivacyNotes.Item1,{0} uses your details only for this booking.,{0} bilgilerinizi yalnızca bu rezervasyon için kullanır.,,
BookingText.PrivacyNotes.Item2,Privacy,Gizlilik,,
DietaryText.AllergenNames.[0],Gluten,Gluten,,
DietaryText.AllergenNames.[1],Crustaceans,Kabuklular,,
DietaryText.AllergenNames.[2],Eggs,Yumurta,,
DietaryText.AllergenNames.[3],Fish,Balık,,
DietaryText.AllergenNames.[4],Peanuts,Yer fıstığı,,
DietaryText.AllergenNames.[5],Soy,Soya,,
DietaryText.AllergenNames.[6],Milk,Süt,,
DietaryText.AllergenNames.[7],Nuts,Kabuklu yemişler,,
DietaryText.AllergenNames.[8],Celery,Kereviz,,
DietaryText.AllergenNames.[9],Mustard,Hardal,,
DietaryText.AllergenNames.[10],Sesame,Susam,,
DietaryText.AllergenNames.[11],Sulphites,Sülfitler,,
DietaryText.AllergenNames.[12],Lupin,Acı bakla,,
DietaryText.AllergenNames.[13],Molluscs,Yumuşakçalar,,
DietaryText.DietNames.[0],Vegan,Vegan,,
DietaryText.DietNames.[1],Vegetarian,Vejetaryen,,
DietaryText.DietNames.[2],Spicy,Acı,,
DietaryText.DietNames.[3],Gluten-free,Glutensiz,,
DietaryText.DietNames.[4],Halal,Helal,,
DietaryText.UiText.Filters,Dietary & allergens,Diyet ve alerjenler,,
DietaryText.UiText.ShowOnly,Show only,Yalnızca göster,,
DietaryText.UiText.HideContaining,Hide dishes containing,Şunları içerenleri gizle,,
DietaryText.UiText.Contains,Contains,İçerir,,
DietaryText.UiText.NoneDeclared,None of the 14 major allergens,14 ana alerjenden hiçbiri,,
DietaryText.UiText.Unknown,Allergen information not provided. Please ask your server.,Alerjen bilgisi verilmemiş. Lütfen garsona sorun.,,
DietaryText.UiText.UnknownHidden,Dishes without allergen information are hidden while an allergen is selected.,Bir alerjen seçiliyken alerjen bilgisi olmayan yemekler gizlenir.,,
DietaryText.UiText.Clear,Clear,Temizle,,
DietaryText.UiText.ShowDishes,Show {0} dishes,{0} yemeği göster,,
DietaryText.UiText.Allergens,Allergens,Alerjenler,,
DietaryText.UiText.TellServer,Always tell your server about allergies.,Alerjilerinizi her zaman garsona bildirin.,,
DietaryText.UiText.Without,Without,Hariç,,
DietaryText.UiText.ShowOneDish,Show 1 dish,1 yemeği göster,,
FeedbackRules.All.Prompt,How was your visit?,Ziyaretiniz nasıldı?,,
FeedbackRules.All.Star,1 star,1 yıldız,,
FeedbackRules.All.StarsN,{0} stars,{0} yıldız,,
FeedbackRules.All.LowTitle,Sorry to hear that. What went wrong?,Üzgünüz. Ne yolunda gitmedi?,,
FeedbackRules.All.LowHint,Only the restaurant reads this.,Bunu yalnızca restoran okur.,,
FeedbackRules.All.HighTitle,Great! Anything you'd like to add?,Harika! Eklemek istediğiniz bir şey var mı?,,
FeedbackRules.All.CommentPlaceholder,Your comments (optional),Yorumlarınız (isteğe bağlı),,
FeedbackRules.All.ContactLabel,How can we reach you? (optional),Size nasıl ulaşalım? (isteğe bağlı),,
FeedbackRules.All.ContactHint,"Phone or email, if you'd like the restaurant to get back to you.",Restoranın size dönmesini isterseniz telefon veya e-posta.,,
FeedbackRules.All.Send,Send,Gönder,,
FeedbackRules.All.Sending,Sending…,Gönderiliyor…,,
FeedbackRules.All.ThanksLow,Thank you. The restaurant will read this today.,Teşekkürler. Restoran bunu bugün okuyacak.,,
FeedbackRules.All.ThanksHigh,Thank you!,Teşekkürler!,,
FeedbackRules.All.GoogleAsk,Would you share it on Google? It helps a lot.,Google'da paylaşır mısınız? Çok yardımcı olur.,,
FeedbackRules.All.GoogleButton,Review on Google,Google'da değerlendir,,
FeedbackRules.All.Done,Close,Kapat,,
FeedbackRules.All.AlreadySent,Thanks for your feedback today!,Bugünkü geri bildiriminiz için teşekkürler!,,
FeedbackRules.All.Error,Couldn't send. Please try again.,Gönderilemedi. Lütfen tekrar deneyin.,,
Highlights.Words.[0],Recommended,Önerilenler,,
Highlights.Words.[1],New,Yeni,,
Highlights.Words.[2],Chef's pick,Şefin önerisi,,
Highlights.Words.[3],Popular,Popüler,,
Highlights.Words.[4],Seasonal,Mevsimlik,,
Highlights.Words.[5],Today's special,Günün yemeği,,
OfflineText.Saved,No connection. This is the menu as saved at {0}; prices and dishes may have changed.,"Bağlantı yok. Bu, {0} saatinde kaydedilen menü; fiyatlar ve yemekler değişmiş olabilir.",,
OpeningHours.Words.OpenUntil,Open until {0},{0} saatine kadar açık,,
OpeningHours.Words.Open24,Open 24 hours,24 saat açık,,
OpeningHours.Words.OpensAt,Closed · opens {0},Kapalı · {0} saatinde açılıyor,,
OpeningHours.Words.OpensTomorrow,Closed · opens tomorrow {0},Kapalı · yarın {0} saatinde açılıyor,,
OpeningHours.Words.OpensOn,Closed · opens {1} {0},Kapalı · {1} {0} saatinde açılıyor,,
OpeningHours.Words.Closed,Closed,Kapalı,,
OpeningHours.Words.Title,Opening hours,Çalışma saatleri,,
OpeningHours.Words.Today,Today,Bugün,,
OrderText.All.Send,Send to kitchen,Mutfağa gönder,,
OrderText.All.Sending,Sending…,Gönderiliyor…,,
OrderText.All.Hint,"Check your order, then send it to the kitchen.","Siparişinizi kontrol edin, sonra mutfağa gönderin.",,
OrderText.All.NoteLabel,Note for the kitchen (optional),Mutfak için not (isteğe bağlı),,
OrderText.All.NotePlaceholder,"e.g. no onions, extra spicy","örn. soğansız, ekstra acı",,
OrderText.All.Sent,Sent to the kitchen,Mutfağa gönderildi,,
OrderText.All.OrderNumber,Order #{0},Sipariş #{0},,
OrderText.All.YourOrders,Your orders,Siparişleriniz,,
OrderText.All.Received,Received,Alındı,,
OrderText.All.Preparing,Being prepared,Hazırlanıyor,,
OrderText.All.Served,Served,Servis edildi,,
OrderText.All.Cancelled,Cancelled,İptal edildi,,
OrderText.All.Total,Total,Toplam,,
OrderText.All.AddMore,Add more dishes,Başka yemek ekle,,
OrderText.All.Unavailable,Ordering isn't available right now. Please ask your server.,Şu anda sipariş alınmıyor. Lütfen garsona sorun.,,
OrderText.All.Closed,"We're closed right now, so orders can't be sent.","Şu anda kapalıyız, bu yüzden sipariş gönderilemiyor.",,
OrderText.All.NotNow,Can't be ordered right now: {0}. Remove them and send again.,Şu anda sipariş edilemiyor: {0}. Bunları çıkarıp tekrar gönderin.,,
OrderText.All.Changed,The menu just changed. Reload the page and check your list.,Menü az önce değişti. Sayfayı yenileyip listenizi kontrol edin.,,
OrderText.All.TooBig,"That's a big order. Please send it in two parts, or ask your server.",Bu büyük bir sipariş. Lütfen iki parça halinde gönderin veya garsona sorun.,,
OrderText.All.Busy,This table just sent several orders. Wait a minute and try again.,Bu masa az önce birkaç sipariş gönderdi. Bir dakika bekleyip tekrar deneyin.,,
OrderText.All.Network,Couldn't send. Check your connection and try again.,Gönderilemedi. Bağlantınızı kontrol edip tekrar deneyin.,,
OrderText.All.OldCode,This QR code can't send orders. Show your list to your server.,Bu QR kod ile sipariş verilemez. Listenizi garsona gösterin.,,
ProductOptions.GuestWords.Required,Required,Zorunlu,,
ProductOptions.GuestWords.Optional,Optional,İsteğe bağlı,,
ProductOptions.GuestWords.UpTo,up to {0},en fazla {0},,
ProductOptions.GuestWords.PleaseChoose,Please choose: {0},Lütfen seçin: {0},,
ProductOptions.GuestWords.From,from {0},{0} ve üzeri,,
ServingTimes.Words.Served,Served {0},Servis: {0},,
ServingTimes.Words.From,Available from {0},{0} itibarıyla serviste,,
ServingTimes.Words.Tomorrow,Available tomorrow from {0},Yarın {0} itibarıyla serviste,,
ServingTimes.Words.OnDay,Available {1} from {0},{1} {0} itibarıyla serviste,,
ServingTimes.Words.NotAvailable,Not available,Şu an yok,,
ServingTimes.Words.NothingNow,Nothing is being served right now,Şu anda servis edilen bir şey yok,,
ServingTimes.Words.TomorrowAllDay,Available tomorrow,Yarın serviste,,
ServingTimes.Words.OnDayAllDay,Available {1},{1} serviste,,
SiteRules.All.SeeMenu,See the menu,Menüyü gör,,
SiteRules.All.Book,Book a table,Masa ayırt,,
SiteRules.All.Call,Call,Ara,,
SiteRules.All.About,About us,Hakkımızda,,
SiteRules.All.Highlights,From the menu,Menüden,,
SiteRules.All.FullMenu,See the full menu,Tüm menüyü gör,,
SiteRules.All.Hours,Opening hours,Çalışma saatleri,,
SiteRules.All.Today,Today,Bugün,,
SiteRules.All.ClosedDay,Closed,Kapalı,,
SiteRules.All.FindUs,Find us,Bizi bulun,,
SiteRules.All.Directions,Get directions,Yol tarifi,,
SiteRules.All.ShowMap,Show map,Haritayı göster,,
SiteRules.All.MapNote,The map is loaded from Google Maps.,Harita Google Haritalar'dan yüklenir.,,
SiteRules.All.Follow,Follow us,Bizi takip edin,,
TableText.Texts.Item1,Table,Masa,,
TableText.Texts.Item2,Scan for the menu,Menü için okutun,,
