Where in the code,English,Spanish (current),OK? (yes / fix),Better wording
Views/Menu/Index.cshtml ui.Search,Search the menu,Buscar en el menú,,
Views/Menu/Index.cshtml ui.NoResults,No dishes match,Ningún plato coincide,,
Views/Menu/Index.cshtml ui.Items,items,platos,,
Views/Menu/Index.cshtml ui.Item,item,plato,,
Views/Menu/Index.cshtml ui.List,Your list,Tu lista,,
Views/Menu/Index.cshtml ui.Empty,Your list is empty,Tu lista está vacía,,
Views/Menu/Index.cshtml ui.EmptyHint,Add dishes with the + button,Añade platos con el botón +,,
Views/Menu/Index.cshtml ui.Total,Estimated total,Total estimado,,
Views/Menu/Index.cshtml ui.Clear,Clear list,Vaciar lista,,
Views/Menu/Index.cshtml ui.Save,Add to list,Añadir,,
Views/Menu/Index.cshtml ui.Saved,On your list,En la lista,,
Views/Menu/Index.cshtml ui.Close,Close,Cerrar,,
Views/Menu/Index.cshtml ui.Soon,Menu coming soon,Menú disponible pronto,,
Views/Menu/Index.cshtml ui.SoonHint,The restaurant is adding its dishes.,El restaurante está añadiendo sus platos.,,
Views/Menu/Index.cshtml ui.Nutrition,Nutrition,Información nutricional,,
Views/Menu/Index.cshtml ui.Show,Show this to your server,Muéstralo al camarero,,
Views/Menu/Index.cshtml ui.SoldOut,Sold out,Agotado,,
BookingText.All.Title,Book a table,Reservar mesa,,
BookingText.All.Guests,Guests,Personas,,
BookingText.All.OneGuest,1 guest,1 persona,,
BookingText.All.ManyGuests,{0} guests,{0} personas,,
BookingText.All.Date,Date,Fecha,,
BookingText.All.Today,Today,Hoy,,
BookingText.All.Tomorrow,Tomorrow,Mañana,,
BookingText.All.Time,Time,Hora,,
BookingText.All.NoSlots,No free times on this day. Try another day.,No hay horas libres este día. Prueba otro día.,,
BookingText.All.ClosedDay,We don't take bookings on this day.,Este día no aceptamos reservas.,,
BookingText.All.Loading,Finding free times…,Buscando horas libres…,,
BookingText.All.Details,Your details,Tus datos,,
BookingText.All.Name,Name,Nombre,,
BookingText.All.Phone,Phone,Teléfono,,
BookingText.All.PhoneHint,We'll only contact you about this booking.,Solo te contactaremos por esta reserva.,,
BookingText.All.Email,Email (optional),Email (opcional),,
BookingText.All.EmailHint,For your confirmation.,Para tu confirmación.,,
BookingText.All.Note,Requests (optional),Peticiones (opcional),,
BookingText.All.NotePlaceholder,"e.g. high chair, birthday, terrace","p. ej. trona, cumpleaños, terraza",,
BookingText.All.Book,Book table,Reservar,,
BookingText.All.Booking,Booking…,Reservando…,,
BookingText.All.LargeGroup,"For more than {0} guests, please call us: {1}","Para más de {0} personas, llámanos: {1}",,
BookingText.All.SlotTaken,"Sorry, that time was just taken. Please pick another.","Lo sentimos, esa hora se acaba de ocupar. Elige otra.",,
BookingText.All.NameRequired,Enter your name.,Escribe tu nombre.,,
BookingText.All.PhoneInvalid,"Enter a phone number we can reach you on, e.g. 069 123 4567.","Escribe un teléfono, p. ej. +34 612 345 678.",,
BookingText.All.EmailInvalid,That email doesn't look right.,Ese email no parece correcto.,,
BookingText.All.TooMany,This number already has several upcoming bookings here. Please call us to book more.,Este número ya tiene varias reservas próximas aquí. Llámanos para hacer más.,,
BookingText.All.Unavailable,Online booking isn't available right now. Please call us: {0},La reserva online no está disponible ahora. Llámanos: {0},,
BookingText.All.Network,Couldn't book. Check your connection and try again.,No se pudo reservar. Revisa tu conexión y vuelve a intentarlo.,,
BookingText.All.ConfirmedTitle,You're booked!,¡Reservado!,,
BookingText.All.PendingTitle,Request received,Solicitud recibida,,
BookingText.All.PendingText,The restaurant will confirm shortly. You'll get a message.,El restaurante confirmará pronto. Recibirás un mensaje.,,
BookingText.All.CancelledTitle,Booking cancelled,Reserva cancelada,,
BookingText.All.CancelledText,Your table is released. Hope to see you another time.,Tu mesa ha quedado libre. ¡Esperamos verte otra vez!,,
BookingText.All.PastText,This booking has passed.,Esta reserva ya pasó.,,
BookingText.All.When,When,Cuándo,,
BookingText.All.AddToCalendar,Add to calendar,Añadir al calendario,,
BookingText.All.Cancel,Cancel booking,Cancelar reserva,,
BookingText.All.CancelConfirm,Cancel this booking?,¿Cancelar esta reserva?,,
BookingText.All.BookAgain,Make another booking,Hacer otra reserva,,
BookingText.All.SeeMenu,See the menu,Ver el menú,,
BookingText.All.StatusPending,Waiting for confirmation,Pendiente de confirmación,,
BookingText.All.StatusConfirmed,Confirmed,Confirmada,,
BookingText.All.StatusSeated,Seated,En la mesa,,
BookingText.All.StatusCancelled,Cancelled,Cancelada,,
BookingText.All.StatusNoShow,Missed,No se presentaron,,
BookingText.All.MsgConfirmed,{0}: your table for {1} on {2} at {3} is confirmed. Details or cancel: {4},{0}: tu mesa para {1} el {2} a las {3} está confirmada. Detalles o cancelar: {4},,
BookingText.All.MsgPending,{0}: we got your request for {1} on {2} at {3} and will confirm soon. {4},{0}: hemos recibido tu solicitud para {1} el {2} a las {3} y la confirmaremos pronto. {4},,
BookingText.All.MsgCancelled,{0}: your booking for {1} on {2} at {3} was cancelled. {4},{0}: tu reserva para {1} el {2} a las {3} se ha cancelado. {4},,
BookingText.All.MsgReminder,"{0}: see you today at {3}, table for {1}. Can't make it? Cancel here: {4}","{0}: te esperamos hoy a las {3}, mesa para {1}. ¿No puedes venir? Cancela aquí: {4}",,
BookingText.All.EmailSubject,Your table at {0},Tu mesa en {0},,
BookingText.PrivacyNotes.Item1,{0} uses your details only for this booking.,{0} usa tus datos solo para esta reserva.,,
BookingText.PrivacyNotes.Item2,Privacy,Privacidad,,
DietaryText.AllergenNames.[0],Gluten,Gluten,,
DietaryText.AllergenNames.[1],Crustaceans,Crustáceos,,
DietaryText.AllergenNames.[2],Eggs,Huevos,,
DietaryText.AllergenNames.[3],Fish,Pescado,,
DietaryText.AllergenNames.[4],Peanuts,Cacahuetes,,
DietaryText.AllergenNames.[5],Soy,Soja,,
DietaryText.AllergenNames.[6],Milk,Leche,,
DietaryText.AllergenNames.[7],Nuts,Frutos de cáscara,,
DietaryText.AllergenNames.[8],Celery,Apio,,
DietaryText.AllergenNames.[9],Mustard,Mostaza,,
DietaryText.AllergenNames.[10],Sesame,Sésamo,,
DietaryText.AllergenNames.[11],Sulphites,Sulfitos,,
DietaryText.AllergenNames.[12],Lupin,Altramuces,,
DietaryText.AllergenNames.[13],Molluscs,Moluscos,,
DietaryText.DietNames.[0],Vegan,Vegano,,
DietaryText.DietNames.[1],Vegetarian,Vegetariano,,
DietaryText.DietNames.[2],Spicy,Picante,,
DietaryText.DietNames.[3],Gluten-free,Sin gluten,,
DietaryText.DietNames.[4],Halal,Halal,,
DietaryText.UiText.Filters,Dietary & allergens,Dieta y alérgenos,,
DietaryText.UiText.ShowOnly,Show only,Mostrar solo,,
DietaryText.UiText.HideContaining,Hide dishes containing,Ocultar platos con,,
DietaryText.UiText.Contains,Contains,Contiene,,
DietaryText.UiText.NoneDeclared,None of the 14 major allergens,Ninguno de los 14 alérgenos principales,,
DietaryText.UiText.Unknown,Allergen information not provided. Please ask your server.,Información sobre alérgenos no disponible. Pregunta al personal.,,
DietaryText.UiText.UnknownHidden,Dishes without allergen information are hidden while an allergen is selected.,Los platos sin información sobre alérgenos se ocultan mientras haya un alérgeno seleccionado.,,
DietaryText.UiText.Clear,Clear,Borrar,,
DietaryText.UiText.ShowDishes,Show {0} dishes,Mostrar {0} platos,,
DietaryText.UiText.Allergens,Allergens,Alérgenos,,
DietaryText.UiText.TellServer,Always tell your server about allergies.,Informa siempre al personal sobre tus alergias.,,
DietaryText.UiText.Without,Without,Sin,,
DietaryText.UiText.ShowOneDish,Show 1 dish,Mostrar 1 plato,,
FeedbackRules.All.Prompt,How was your visit?,¿Qué tal tu visita?,,
FeedbackRules.All.Star,1 star,1 estrella,,
FeedbackRules.All.StarsN,{0} stars,{0} estrellas,,
FeedbackRules.All.LowTitle,Sorry to hear that. What went wrong?,Lo sentimos. ¿Qué salió mal?,,
FeedbackRules.All.LowHint,Only the restaurant reads this.,Solo lo lee el restaurante.,,
FeedbackRules.All.HighTitle,Great! Anything you'd like to add?,¡Genial! ¿Quieres añadir algo?,,
FeedbackRules.All.CommentPlaceholder,Your comments (optional),Tus comentarios (opcional),,
FeedbackRules.All.ContactLabel,How can we reach you? (optional),¿Cómo podemos contactarte? (opcional),,
FeedbackRules.All.ContactHint,"Phone or email, if you'd like the restaurant to get back to you.","Teléfono o email, si quieres que el restaurante te responda.",,
FeedbackRules.All.Send,Send,Enviar,,
FeedbackRules.All.Sending,Sending…,Enviando…,,
FeedbackRules.All.ThanksLow,Thank you. The restaurant will read this today.,Gracias. El restaurante lo leerá hoy.,,
FeedbackRules.All.ThanksHigh,Thank you!,¡Gracias!,,
FeedbackRules.All.GoogleAsk,Would you share it on Google? It helps a lot.,¿Lo compartirías en Google? Ayuda mucho.,,
FeedbackRules.All.GoogleButton,Review on Google,Opinar en Google,,
FeedbackRules.All.Done,Close,Cerrar,,
FeedbackRules.All.AlreadySent,Thanks for your feedback today!,¡Gracias por tu opinión de hoy!,,
FeedbackRules.All.Error,Couldn't send. Please try again.,No se pudo enviar. Inténtalo de nuevo.,,
Highlights.Words.[0],Recommended,Recomendados,,
Highlights.Words.[1],New,Nuevo,,
Highlights.Words.[2],Chef's pick,Elección del chef,,
Highlights.Words.[3],Popular,Popular,,
Highlights.Words.[4],Seasonal,De temporada,,
Highlights.Words.[5],Today's special,Plato del día,,
OfflineText.Saved,No connection. This is the menu as saved at {0}; prices and dishes may have changed.,Sin conexión. Este es el menú guardado a las {0}; los precios y platos pueden haber cambiado.,,
OpeningHours.Words.OpenUntil,Open until {0},Abierto hasta las {0},,
OpeningHours.Words.Open24,Open 24 hours,Abierto 24 horas,,
OpeningHours.Words.OpensAt,Closed · opens {0},Cerrado · abre a las {0},,
OpeningHours.Words.OpensTomorrow,Closed · opens tomorrow {0},Cerrado · abre mañana a las {0},,
OpeningHours.Words.OpensOn,Closed · opens {1} {0},Cerrado · abre el {1} a las {0},,
OpeningHours.Words.Closed,Closed,Cerrado,,
OpeningHours.Words.Title,Opening hours,Horario,,
OpeningHours.Words.Today,Today,Hoy,,
OrderText.All.Send,Send to kitchen,Enviar a cocina,,
OrderText.All.Sending,Sending…,Enviando…,,
OrderText.All.Hint,"Check your order, then send it to the kitchen.",Revisa tu pedido y luego envíalo a cocina.,,
OrderText.All.NoteLabel,Note for the kitchen (optional),Nota para cocina (opcional),,
OrderText.All.NotePlaceholder,"e.g. no onions, extra spicy","p. ej. sin cebolla, más picante",,
OrderText.All.Sent,Sent to the kitchen,Enviado a cocina,,
OrderText.All.OrderNumber,Order #{0},Pedido n.º {0},,
OrderText.All.YourOrders,Your orders,Tus pedidos,,
OrderText.All.Received,Received,Recibido,,
OrderText.All.Preparing,Being prepared,En preparación,,
OrderText.All.Served,Served,Servido,,
OrderText.All.Cancelled,Cancelled,Cancelado,,
OrderText.All.Total,Total,Total,,
OrderText.All.AddMore,Add more dishes,Añadir más platos,,
OrderText.All.Unavailable,Ordering isn't available right now. Please ask your server.,Ahora no se aceptan pedidos. Pregunta al camarero.,,
OrderText.All.Closed,"We're closed right now, so orders can't be sent.","Ahora estamos cerrados, así que no se pueden enviar pedidos.",,
OrderText.All.NotNow,Can't be ordered right now: {0}. Remove them and send again.,No se puede pedir ahora: {0}. Quítalos y vuelve a enviar.,,
OrderText.All.Changed,The menu just changed. Reload the page and check your list.,El menú acaba de cambiar. Recarga la página y revisa tu lista.,,
OrderText.All.TooBig,"That's a big order. Please send it in two parts, or ask your server.",Es un pedido grande. Envíalo en dos partes o pregunta al camarero.,,
OrderText.All.Busy,This table just sent several orders. Wait a minute and try again.,Esta mesa acaba de enviar varios pedidos. Espera un minuto y vuelve a intentarlo.,,
OrderText.All.Network,Couldn't send. Check your connection and try again.,No se pudo enviar. Revisa tu conexión y vuelve a intentarlo.,,
OrderText.All.OldCode,This QR code can't send orders. Show your list to your server.,Este código QR no permite pedir. Muestra tu lista al camarero.,,
ProductOptions.GuestWords.Required,Required,Obligatorio,,
ProductOptions.GuestWords.Optional,Optional,Opcional,,
ProductOptions.GuestWords.UpTo,up to {0},hasta {0},,
ProductOptions.GuestWords.PleaseChoose,Please choose: {0},Elige: {0},,
ProductOptions.GuestWords.From,from {0},desde {0},,
ServingTimes.Words.Served,Served {0},Disponible {0},,
ServingTimes.Words.From,Available from {0},Disponible desde las {0},,
ServingTimes.Words.Tomorrow,Available tomorrow from {0},Disponible mañana desde las {0},,
ServingTimes.Words.OnDay,Available {1} from {0},Disponible el {1} desde las {0},,
ServingTimes.Words.NotAvailable,Not available,No disponible,,
ServingTimes.Words.NothingNow,Nothing is being served right now,Ahora mismo no se sirve nada,,
ServingTimes.Words.TomorrowAllDay,Available tomorrow,Disponible mañana,,
ServingTimes.Words.OnDayAllDay,Available {1},Disponible el {1},,
SiteRules.All.SeeMenu,See the menu,Ver el menú,,
SiteRules.All.Book,Book a table,Reservar mesa,,
SiteRules.All.Call,Call,Llamar,,
SiteRules.All.About,About us,Sobre nosotros,,
SiteRules.All.Highlights,From the menu,De nuestro menú,,
SiteRules.All.FullMenu,See the full menu,Ver todo el menú,,
SiteRules.All.Hours,Opening hours,Horario,,
SiteRules.All.Today,Today,Hoy,,
SiteRules.All.ClosedDay,Closed,Cerrado,,
SiteRules.All.FindUs,Find us,Dónde estamos,,
SiteRules.All.Directions,Get directions,Cómo llegar,,
SiteRules.All.ShowMap,Show map,Mostrar mapa,,
SiteRules.All.MapNote,The map is loaded from Google Maps.,El mapa se carga desde Google Maps.,,
SiteRules.All.Follow,Follow us,Síguenos,,
TableText.Texts.Item1,Table,Mesa,,
TableText.Texts.Item2,Scan for the menu,Escanea para ver el menú,,
