Where in the code,English,German (current),OK? (yes / fix),Better wording
Views/Menu/Index.cshtml ui.Search,Search the menu,Menü durchsuchen,,
Views/Menu/Index.cshtml ui.NoResults,No dishes match,Keine passenden Gerichte,,
Views/Menu/Index.cshtml ui.Items,items,Gerichte,,
Views/Menu/Index.cshtml ui.Item,item,Gericht,,
Views/Menu/Index.cshtml ui.List,Your list,Deine Liste,,
Views/Menu/Index.cshtml ui.Empty,Your list is empty,Deine Liste ist leer,,
Views/Menu/Index.cshtml ui.EmptyHint,Add dishes with the + button,Füge Gerichte mit + hinzu,,
Views/Menu/Index.cshtml ui.Total,Estimated total,Geschätzte Summe,,
Views/Menu/Index.cshtml ui.Clear,Clear list,Liste leeren,,
Views/Menu/Index.cshtml ui.Save,Add to list,Hinzufügen,,
Views/Menu/Index.cshtml ui.Saved,On your list,Auf der Liste,,
Views/Menu/Index.cshtml ui.Close,Close,Schließen,,
Views/Menu/Index.cshtml ui.Soon,Menu coming soon,Menü folgt in Kürze,,
Views/Menu/Index.cshtml ui.SoonHint,The restaurant is adding its dishes.,Das Restaurant fügt gerade seine Gerichte hinzu.,,
Views/Menu/Index.cshtml ui.Nutrition,Nutrition,Nährwerte,,
Views/Menu/Index.cshtml ui.Show,Show this to your server,Dem Kellner zeigen,,
Views/Menu/Index.cshtml ui.SoldOut,Sold out,Ausverkauft,,
BookingText.All.Title,Book a table,Tisch reservieren,,
BookingText.All.Guests,Guests,Personen,,
BookingText.All.OneGuest,1 guest,1 Person,,
BookingText.All.ManyGuests,{0} guests,{0} Personen,,
BookingText.All.Date,Date,Datum,,
BookingText.All.Today,Today,Heute,,
BookingText.All.Tomorrow,Tomorrow,Morgen,,
BookingText.All.Time,Time,Uhrzeit,,
BookingText.All.NoSlots,No free times on this day. Try another day.,An diesem Tag ist nichts mehr frei. Versuch einen anderen Tag.,,
BookingText.All.ClosedDay,We don't take bookings on this day.,An diesem Tag nehmen wir keine Reservierungen an.,,
BookingText.All.Loading,Finding free times…,Suche freie Zeiten…,,
BookingText.All.Details,Your details,Deine Angaben,,
BookingText.All.Name,Name,Name,,
BookingText.All.Phone,Phone,Telefon,,
BookingText.All.PhoneHint,We'll only contact you about this booking.,Wir melden uns nur wegen dieser Reservierung.,,
BookingText.All.Email,Email (optional),E-Mail (optional),,
BookingText.All.EmailHint,For your confirmation.,Für deine Bestätigung.,,
BookingText.All.Note,Requests (optional),Wünsche (optional),,
BookingText.All.NotePlaceholder,"e.g. high chair, birthday, terrace","z. B. Kinderstuhl, Geburtstag, Terrasse",,
BookingText.All.Book,Book table,Reservieren,,
BookingText.All.Booking,Booking…,Wird reserviert…,,
BookingText.All.LargeGroup,"For more than {0} guests, please call us: {1}",Für mehr als {0} Personen ruf uns bitte an: {1},,
BookingText.All.SlotTaken,"Sorry, that time was just taken. Please pick another.",Diese Zeit wurde gerade vergeben. Bitte wähle eine andere.,,
BookingText.All.NameRequired,Enter your name.,Gib deinen Namen ein.,,
BookingText.All.PhoneInvalid,"Enter a phone number we can reach you on, e.g. 069 123 4567.","Gib eine Telefonnummer ein, z. B. +49 151 1234567.",,
BookingText.All.EmailInvalid,That email doesn't look right.,Diese E-Mail-Adresse sieht nicht richtig aus.,,
BookingText.All.TooMany,This number already has several upcoming bookings here. Please call us to book more.,Für diese Nummer gibt es hier schon mehrere Reservierungen. Ruf uns für weitere an.,,
BookingText.All.Unavailable,Online booking isn't available right now. Please call us: {0},Online-Reservierung ist gerade nicht möglich. Ruf uns an: {0},,
BookingText.All.Network,Couldn't book. Check your connection and try again.,Reservierung fehlgeschlagen. Prüfe deine Verbindung und versuch es erneut.,,
BookingText.All.ConfirmedTitle,You're booked!,Reserviert!,,
BookingText.All.PendingTitle,Request received,Anfrage erhalten,,
BookingText.All.PendingText,The restaurant will confirm shortly. You'll get a message.,Das Restaurant bestätigt in Kürze. Du bekommst eine Nachricht.,,
BookingText.All.CancelledTitle,Booking cancelled,Reservierung storniert,,
BookingText.All.CancelledText,Your table is released. Hope to see you another time.,Dein Tisch ist wieder frei. Bis zum nächsten Mal!,,
BookingText.All.PastText,This booking has passed.,Diese Reservierung liegt in der Vergangenheit.,,
BookingText.All.When,When,Wann,,
BookingText.All.AddToCalendar,Add to calendar,Zum Kalender hinzufügen,,
BookingText.All.Cancel,Cancel booking,Reservierung stornieren,,
BookingText.All.CancelConfirm,Cancel this booking?,Diese Reservierung stornieren?,,
BookingText.All.BookAgain,Make another booking,Neue Reservierung,,
BookingText.All.SeeMenu,See the menu,Zur Speisekarte,,
BookingText.All.StatusPending,Waiting for confirmation,Wartet auf Bestätigung,,
BookingText.All.StatusConfirmed,Confirmed,Bestätigt,,
BookingText.All.StatusSeated,Seated,Am Tisch,,
BookingText.All.StatusCancelled,Cancelled,Storniert,,
BookingText.All.StatusNoShow,Missed,Nicht erschienen,,
BookingText.All.MsgConfirmed,{0}: your table for {1} on {2} at {3} is confirmed. Details or cancel: {4},{0}: dein Tisch für {1} am {2} um {3} ist bestätigt. Details oder Storno: {4},,
BookingText.All.MsgPending,{0}: we got your request for {1} on {2} at {3} and will confirm soon. {4},{0}: wir haben deine Anfrage für {1} am {2} um {3} erhalten und bestätigen bald. {4},,
BookingText.All.MsgCancelled,{0}: your booking for {1} on {2} at {3} was cancelled. {4},{0}: deine Reservierung für {1} am {2} um {3} wurde storniert. {4},,
BookingText.All.MsgReminder,"{0}: see you today at {3}, table for {1}. Can't make it? Cancel here: {4}","{0}: bis heute um {3}, Tisch für {1}. Du schaffst es nicht? Hier stornieren: {4}",,
BookingText.All.EmailSubject,Your table at {0},Dein Tisch im {0},,
BookingText.PrivacyNotes.Item1,{0} uses your details only for this booking.,{0} nutzt deine Angaben nur für diese Reservierung.,,
BookingText.PrivacyNotes.Item2,Privacy,Datenschutz,,
DietaryText.AllergenNames.[0],Gluten,Gluten,,
DietaryText.AllergenNames.[1],Crustaceans,Krebstiere,,
DietaryText.AllergenNames.[2],Eggs,Eier,,
DietaryText.AllergenNames.[3],Fish,Fisch,,
DietaryText.AllergenNames.[4],Peanuts,Erdnüsse,,
DietaryText.AllergenNames.[5],Soy,Soja,,
DietaryText.AllergenNames.[6],Milk,Milch,,
DietaryText.AllergenNames.[7],Nuts,Schalenfrüchte,,
DietaryText.AllergenNames.[8],Celery,Sellerie,,
DietaryText.AllergenNames.[9],Mustard,Senf,,
DietaryText.AllergenNames.[10],Sesame,Sesam,,
DietaryText.AllergenNames.[11],Sulphites,Sulfite,,
DietaryText.AllergenNames.[12],Lupin,Lupinen,,
DietaryText.AllergenNames.[13],Molluscs,Weichtiere,,
DietaryText.DietNames.[0],Vegan,Vegan,,
DietaryText.DietNames.[1],Vegetarian,Vegetarisch,,
DietaryText.DietNames.[2],Spicy,Scharf,,
DietaryText.DietNames.[3],Gluten-free,Glutenfrei,,
DietaryText.DietNames.[4],Halal,Halal,,
DietaryText.UiText.Filters,Dietary & allergens,Ernährung & Allergene,,
DietaryText.UiText.ShowOnly,Show only,Nur anzeigen,,
DietaryText.UiText.HideContaining,Hide dishes containing,Gerichte ausblenden mit,,
DietaryText.UiText.Contains,Contains,Enthält,,
DietaryText.UiText.NoneDeclared,None of the 14 major allergens,Keines der 14 Hauptallergene,,
DietaryText.UiText.Unknown,Allergen information not provided. Please ask your server.,Keine Allergenangaben. Bitte fragen Sie das Personal.,,
DietaryText.UiText.UnknownHidden,Dishes without allergen information are hidden while an allergen is selected.,"Gerichte ohne Allergenangaben werden ausgeblendet, solange ein Allergen gewählt ist.",,
DietaryText.UiText.Clear,Clear,Zurücksetzen,,
DietaryText.UiText.ShowDishes,Show {0} dishes,{0} Gerichte anzeigen,,
DietaryText.UiText.Allergens,Allergens,Allergene,,
DietaryText.UiText.TellServer,Always tell your server about allergies.,Informieren Sie das Personal immer über Allergien.,,
DietaryText.UiText.Without,Without,Ohne,,
DietaryText.UiText.ShowOneDish,Show 1 dish,1 Gericht anzeigen,,
FeedbackRules.All.Prompt,How was your visit?,Wie war dein Besuch?,,
FeedbackRules.All.Star,1 star,1 Stern,,
FeedbackRules.All.StarsN,{0} stars,{0} Sterne,,
FeedbackRules.All.LowTitle,Sorry to hear that. What went wrong?,Das tut uns leid. Was ist schiefgelaufen?,,
FeedbackRules.All.LowHint,Only the restaurant reads this.,Das liest nur das Restaurant.,,
FeedbackRules.All.HighTitle,Great! Anything you'd like to add?,Super! Möchtest du noch etwas ergänzen?,,
FeedbackRules.All.CommentPlaceholder,Your comments (optional),Deine Anmerkungen (optional),,
FeedbackRules.All.ContactLabel,How can we reach you? (optional),Wie erreichen wir dich? (optional),,
FeedbackRules.All.ContactHint,"Phone or email, if you'd like the restaurant to get back to you.","Telefon oder E-Mail, falls das Restaurant sich melden soll.",,
FeedbackRules.All.Send,Send,Senden,,
FeedbackRules.All.Sending,Sending…,Wird gesendet…,,
FeedbackRules.All.ThanksLow,Thank you. The restaurant will read this today.,Danke. Das Restaurant liest es noch heute.,,
FeedbackRules.All.ThanksHigh,Thank you!,Danke!,,
FeedbackRules.All.GoogleAsk,Would you share it on Google? It helps a lot.,Magst du es auf Google teilen? Das hilft sehr.,,
FeedbackRules.All.GoogleButton,Review on Google,Auf Google bewerten,,
FeedbackRules.All.Done,Close,Schließen,,
FeedbackRules.All.AlreadySent,Thanks for your feedback today!,Danke für dein Feedback heute!,,
FeedbackRules.All.Error,Couldn't send. Please try again.,Senden fehlgeschlagen. Bitte versuch es erneut.,,
Highlights.Words.[0],Recommended,Empfohlen,,
Highlights.Words.[1],New,Neu,,
Highlights.Words.[2],Chef's pick,Tipp vom Chef,,
Highlights.Words.[3],Popular,Beliebt,,
Highlights.Words.[4],Seasonal,Saisonal,,
Highlights.Words.[5],Today's special,Tagesgericht,,
OfflineText.Saved,No connection. This is the menu as saved at {0}; prices and dishes may have changed.,Keine Verbindung. Das ist die Karte von {0} Uhr; Preise und Gerichte können sich geändert haben.,,
OpeningHours.Words.OpenUntil,Open until {0},Geöffnet bis {0},,
OpeningHours.Words.Open24,Open 24 hours,24 Stunden geöffnet,,
OpeningHours.Words.OpensAt,Closed · opens {0},Geschlossen · öffnet um {0},,
OpeningHours.Words.OpensTomorrow,Closed · opens tomorrow {0},Geschlossen · öffnet morgen um {0},,
OpeningHours.Words.OpensOn,Closed · opens {1} {0},Geschlossen · öffnet {1} um {0},,
OpeningHours.Words.Closed,Closed,Geschlossen,,
OpeningHours.Words.Title,Opening hours,Öffnungszeiten,,
OpeningHours.Words.Today,Today,Heute,,
OrderText.All.Send,Send to kitchen,An die Küche senden,,
OrderText.All.Sending,Sending…,Wird gesendet…,,
OrderText.All.Hint,"Check your order, then send it to the kitchen.",Prüfe deine Bestellung und sende sie dann an die Küche.,,
OrderText.All.NoteLabel,Note for the kitchen (optional),Hinweis für die Küche (optional),,
OrderText.All.NotePlaceholder,"e.g. no onions, extra spicy","z. B. ohne Zwiebeln, extra scharf",,
OrderText.All.Sent,Sent to the kitchen,An die Küche gesendet,,
OrderText.All.OrderNumber,Order #{0},Bestellung Nr. {0},,
OrderText.All.YourOrders,Your orders,Deine Bestellungen,,
OrderText.All.Received,Received,Eingegangen,,
OrderText.All.Preparing,Being prepared,Wird zubereitet,,
OrderText.All.Served,Served,Serviert,,
OrderText.All.Cancelled,Cancelled,Storniert,,
OrderText.All.Total,Total,Summe,,
OrderText.All.AddMore,Add more dishes,Weitere Gerichte hinzufügen,,
OrderText.All.Unavailable,Ordering isn't available right now. Please ask your server.,Bestellungen sind gerade nicht möglich. Bitte frag das Personal.,,
OrderText.All.Closed,"We're closed right now, so orders can't be sent.","Wir haben gerade geschlossen, daher können keine Bestellungen gesendet werden.",,
OrderText.All.NotNow,Can't be ordered right now: {0}. Remove them and send again.,Gerade nicht bestellbar: {0}. Entferne sie und sende erneut.,,
OrderText.All.Changed,The menu just changed. Reload the page and check your list.,Die Karte hat sich gerade geändert. Lade die Seite neu und prüfe deine Liste.,,
OrderText.All.TooBig,"That's a big order. Please send it in two parts, or ask your server.",Das ist eine große Bestellung. Sende sie in zwei Teilen oder frag das Personal.,,
OrderText.All.Busy,This table just sent several orders. Wait a minute and try again.,Dieser Tisch hat gerade mehrere Bestellungen gesendet. Warte eine Minute und versuch es erneut.,,
OrderText.All.Network,Couldn't send. Check your connection and try again.,Senden fehlgeschlagen. Prüfe deine Verbindung und versuch es erneut.,,
OrderText.All.OldCode,This QR code can't send orders. Show your list to your server.,Mit diesem QR-Code kann nicht bestellt werden. Zeig deine Liste dem Personal.,,
ProductOptions.GuestWords.Required,Required,Pflicht,,
ProductOptions.GuestWords.Optional,Optional,Optional,,
ProductOptions.GuestWords.UpTo,up to {0},bis zu {0},,
ProductOptions.GuestWords.PleaseChoose,Please choose: {0},Bitte wählen: {0},,
ProductOptions.GuestWords.From,from {0},ab {0},,
ServingTimes.Words.Served,Served {0},Erhältlich {0},,
ServingTimes.Words.From,Available from {0},Erhältlich ab {0},,
ServingTimes.Words.Tomorrow,Available tomorrow from {0},Erhältlich morgen ab {0},,
ServingTimes.Words.OnDay,Available {1} from {0},Erhältlich {1} ab {0},,
ServingTimes.Words.NotAvailable,Not available,Nicht erhältlich,,
ServingTimes.Words.NothingNow,Nothing is being served right now,Gerade wird nichts serviert,,
ServingTimes.Words.TomorrowAllDay,Available tomorrow,Erhältlich morgen,,
ServingTimes.Words.OnDayAllDay,Available {1},Erhältlich am {1},,
SiteRules.All.SeeMenu,See the menu,Zur Speisekarte,,
SiteRules.All.Book,Book a table,Tisch reservieren,,
SiteRules.All.Call,Call,Anrufen,,
SiteRules.All.About,About us,Über uns,,
SiteRules.All.Highlights,From the menu,Aus der Karte,,
SiteRules.All.FullMenu,See the full menu,Ganze Speisekarte,,
SiteRules.All.Hours,Opening hours,Öffnungszeiten,,
SiteRules.All.Today,Today,Heute,,
SiteRules.All.ClosedDay,Closed,Geschlossen,,
SiteRules.All.FindUs,Find us,So findest du uns,,
SiteRules.All.Directions,Get directions,Route planen,,
SiteRules.All.ShowMap,Show map,Karte anzeigen,,
SiteRules.All.MapNote,The map is loaded from Google Maps.,Die Karte wird von Google Maps geladen.,,
SiteRules.All.Follow,Follow us,Folge uns,,
TableText.Texts.Item1,Table,Tisch,,
TableText.Texts.Item2,Scan for the menu,Scannen für die Speisekarte,,
